year,country_name,fsi_index,country_code
2006,Afghanistan,99.8,AFG
2007,Afghanistan,102.3,AFG
2008,Afghanistan,105.4,AFG
2009,Afghanistan,108.2,AFG
2010,Afghanistan,109.3,AFG
2011,Afghanistan,107.5,AFG
2012,Afghanistan,106.0,AFG
2013,Afghanistan,106.7,AFG
2014,Afghanistan,106.5,AFG
2015,Afghanistan,107.9,AFG
2016,Afghanistan,107.9,AFG
2017,Afghanistan,107.3,AFG
2018,Afghanistan,106.62076809859944,AFG
2019,Afghanistan,105.0,AFG
2020,Afghanistan,102.90118710068992,AFG
2021,Afghanistan,102.1,AFG
2006,Albania,68.6,ALB
2007,Albania,70.5,ALB
2008,Albania,69.7,ALB
2009,Albania,70.0,ALB
2010,Albania,67.1,ALB
2011,Albania,66.1,ALB
2012,Albania,66.1,ALB
2013,Albania,65.2,ALB
2014,Albania,63.6,ALB
2015,Albania,61.9,ALB
2016,Albania,61.2,ALB
2017,Albania,60.5,ALB
2018,Albania,60.07930843597633,ALB
2019,Albania,58.9,ALB
2020,Albania,58.75381081040027,ALB
2021,Albania,59.00000000000001,ALB
2006,Algeria,77.8,DZA
2007,Algeria,75.9,DZA
2008,Algeria,77.8,DZA
2009,Algeria,80.6,DZA
2010,Algeria,81.3,DZA
2011,Algeria,78.0,DZA
2012,Algeria,78.1,DZA
2013,Algeria,78.7,DZA
2014,Algeria,78.8,DZA
2015,Algeria,79.6,DZA
2016,Algeria,78.3,DZA
2017,Algeria,76.8,DZA
2018,Algeria,75.78505154191771,DZA
2019,Algeria,75.4,DZA
2020,Algeria,74.57518290066574,DZA
2021,Algeria,73.6,DZA
2006,Angola,88.3,AGO
2007,Angola,84.9,AGO
2008,Angola,83.8,AGO
2009,Angola,85.0,AGO
2010,Angola,83.7,AGO
2011,Angola,84.6,AGO
2012,Angola,85.1,AGO
2013,Angola,87.1,AGO
2014,Angola,87.4,AGO
2015,Angola,87.9,AGO
2016,Angola,90.5,AGO
2017,Angola,91.1,AGO
2018,Angola,89.44029612068627,AGO
2019,Angola,87.8,AGO
2020,Angola,87.32003902658735,AGO
2021,Angola,89.0,AGO
2006,Antigua and Barbuda,65.7,ATG
2007,Antigua and Barbuda,65.7,ATG
2008,Antigua and Barbuda,64.1,ATG
2009,Antigua and Barbuda,62.8,ATG
2010,Antigua and Barbuda,60.9,ATG
2011,Antigua and Barbuda,59.9,ATG
2012,Antigua and Barbuda,58.9,ATG
2013,Antigua and Barbuda,58.0,ATG
2014,Antigua and Barbuda,59.0,ATG
2015,Antigua and Barbuda,57.8,ATG
2016,Antigua and Barbuda,56.2,ATG
2017,Antigua and Barbuda,54.8,ATG
2018,Antigua and Barbuda,55.6110407346696,ATG
2019,Antigua and Barbuda,54.4,ATG
2020,Antigua and Barbuda,52.06235185360498,ATG
2021,Antigua and Barbuda,54.9,ATG
2006,Argentina,40.8,ARG
2007,Argentina,41.4,ARG
2008,Argentina,41.4,ARG
2009,Argentina,44.7,ARG
2010,Argentina,45.8,ARG
2011,Argentina,46.8,ARG
2012,Argentina,46.5,ARG
2013,Argentina,46.1,ARG
2014,Argentina,47.3,ARG
2015,Argentina,47.6,ARG
2016,Argentina,48.4,ARG
2017,Argentina,48.2,ARG
2018,Argentina,46.06992256962885,ARG
2019,Argentina,46.0,ARG
2020,Argentina,46.08795043426503,ARG
2021,Argentina,50.09999999999999,ARG
2006,Armenia,71.5,ARM
2007,Armenia,70.3,ARM
2008,Armenia,70.7,ARM
2009,Armenia,74.3,ARM
2010,Armenia,74.1,ARM
2011,Armenia,72.3,ARM
2012,Armenia,72.2,ARM
2013,Armenia,71.3,ARM
2014,Armenia,71.3,ARM
2015,Armenia,69.7,ARM
2016,Armenia,69.6,ARM
2017,Armenia,71.0,ARM
2018,Armenia,69.5452238194412,ARM
2019,Armenia,66.7,ARM
2020,Armenia,64.2,ARM
2021,Armenia,69.8,ARM
2006,Australia,22.0,AUS
2007,Australia,23.2,AUS
2008,Australia,24.6,AUS
2009,Australia,25.9,AUS
2010,Australia,27.3,AUS
2011,Australia,28.1,AUS
2012,Australia,29.2,AUS
2013,Australia,25.4,AUS
2014,Australia,26.3,AUS
2015,Australia,24.3,AUS
2016,Australia,22.5,AUS
2017,Australia,22.3,AUS
2018,Australia,20.77076600209908,AUS
2019,Australia,19.7,AUS
2020,Australia,19.746408857575208,AUS
2021,Australia,21.8,AUS
2006,Austria,26.1,AUT
2007,Austria,26.0,AUT
2008,Austria,25.9,AUT
2009,Austria,27.6,AUT
2010,Austria,27.2,AUT
2011,Austria,27.3,AUT
2012,Austria,27.5,AUT
2013,Austria,26.9,AUT
2014,Austria,28.5,AUT
2015,Austria,25.8,AUT
2016,Austria,27.5,AUT
2017,Austria,27.7,AUT
2018,Austria,26.181880301496445,AUT
2019,Austria,25.0,AUT
2020,Austria,24.108703082430992,AUT
2021,Austria,26.1,AUT
2006,Azerbaijan,81.9,AZE
2007,Azerbaijan,81.2,AZE
2008,Azerbaijan,81.0,AZE
2009,Azerbaijan,84.6,AZE
2010,Azerbaijan,84.4,AZE
2011,Azerbaijan,81.9,AZE
2012,Azerbaijan,79.8,AZE
2013,Azerbaijan,78.2,AZE
2014,Azerbaijan,77.8,AZE
2015,Azerbaijan,77.3,AZE
2016,Azerbaijan,76.3,AZE
2017,Azerbaijan,76.3,AZE
2018,Azerbaijan,74.63031997786744,AZE
2019,Azerbaijan,73.2,AZE
2020,Azerbaijan,71.28215920806875,AZE
2021,Azerbaijan,75.10000000000001,AZE
2006,Bahamas,60.1,BHS
2007,Bahamas,60.1,BHS
2008,Bahamas,60.5,BHS
2009,Bahamas,60.9,BHS
2010,Bahamas,58.9,BHS
2011,Bahamas,56.5,BHS
2012,Bahamas,55.1,BHS
2013,Bahamas,54.7,BHS
2014,Bahamas,54.1,BHS
2015,Bahamas,51.5,BHS
2016,Bahamas,51.6,BHS
2017,Bahamas,52.4,BHS
2018,Bahamas,49.99124184605109,BHS
2019,Bahamas,48.8,BHS
2020,Bahamas,49.86859355975667,BHS
2021,Bahamas,52.400000000000006,BHS
2006,Bahrain,57.0,BHR
2007,Bahrain,57.0,BHR
2008,Bahrain,56.8,BHR
2009,Bahrain,59.0,BHR
2010,Bahrain,58.8,BHR
2011,Bahrain,59.0,BHR
2012,Bahrain,62.2,BHR
2013,Bahrain,62.9,BHR
2014,Bahrain,64.7,BHR
2015,Bahrain,64.4,BHR
2016,Bahrain,63.4,BHR
2017,Bahrain,64.9,BHR
2018,Bahrain,64.38675794712286,BHR
2019,Bahrain,63.8,BHR
2020,Bahrain,63.88791153504606,BHR
2021,Bahrain,66.7,BHR
2006,Bangladesh,96.3,BGD
2007,Bangladesh,95.9,BGD
2008,Bangladesh,100.3,BGD
2009,Bangladesh,98.1,BGD
2010,Bangladesh,96.1,BGD
2011,Bangladesh,94.4,BGD
2012,Bangladesh,92.2,BGD
2013,Bangladesh,92.5,BGD
2014,Bangladesh,92.8,BGD
2015,Bangladesh,91.8,BGD
2016,Bangladesh,90.7,BGD
2017,Bangladesh,89.1,BGD
2018,Bangladesh,90.31281723205385,BGD
2019,Bangladesh,87.7,BGD
2020,Bangladesh,85.69999999999999,BGD
2021,Bangladesh,85.0,BGD
2006,Barbados,59.9,BRB
2007,Barbados,59.9,BRB
2008,Barbados,58.5,BRB
2009,Barbados,57.2,BRB
2010,Barbados,55.4,BRB
2011,Barbados,52.8,BRB
2012,Barbados,52.0,BRB
2013,Barbados,50.8,BRB
2014,Barbados,51.4,BRB
2015,Barbados,49.3,BRB
2016,Barbados,49.0,BRB
2017,Barbados,49.6,BRB
2018,Barbados,48.18332936752863,BRB
2019,Barbados,48.0,BRB
2020,Barbados,46.40725753500914,BRB
2021,Barbados,46.99999999999999,BRB
2006,Belarus,84.5,BLR
2007,Belarus,85.2,BLR
2008,Belarus,84.4,BLR
2009,Belarus,82.3,BLR
2010,Belarus,78.7,BLR
2011,Belarus,77.6,BLR
2012,Belarus,76.6,BLR
2013,Belarus,76.7,BLR
2014,Belarus,75.0,BLR
2015,Belarus,75.6,BLR
2016,Belarus,73.9,BLR
2017,Belarus,72.4,BLR
2018,Belarus,70.54071433248335,BLR
2019,Belarus,68.2,BLR
2020,Belarus,65.75186010132514,BLR
2021,Belarus,67.99999999999999,BLR
2006,Belgium,24.0,BEL
2007,Belgium,25.5,BEL
2008,Belgium,29.0,BEL
2009,Belgium,33.5,BEL
2010,Belgium,32.0,BEL
2011,Belgium,34.1,BEL
2012,Belgium,33.5,BEL
2013,Belgium,30.9,BEL
2014,Belgium,32.0,BEL
2015,Belgium,30.5,BEL
2016,Belgium,29.0,BEL
2017,Belgium,30.8,BEL
2018,Belgium,29.65365045157836,BEL
2019,Belgium,28.6,BEL
2020,Belgium,27.09814467478441,BEL
2021,Belgium,31.000000000000004,BEL
2006,Belize,69.8,BLZ
2007,Belize,69.8,BLZ
2008,Belize,70.2,BLZ
2009,Belize,69.5,BLZ
2010,Belize,68.7,BLZ
2011,Belize,67.7,BLZ
2012,Belize,67.2,BLZ
2013,Belize,67.2,BLZ
2014,Belize,67.0,BLZ
2015,Belize,65.3,BLZ
2016,Belize,66.0,BLZ
2017,Belize,65.5,BLZ
2018,Belize,63.71214888532026,BLZ
2019,Belize,62.5,BLZ
2020,Belize,60.79466738189765,BLZ
2021,Belize,64.2,BLZ
2006,Benin,70.9,BEN
2007,Benin,72.0,BEN
2008,Benin,72.8,BEN
2009,Benin,75.5,BEN
2010,Benin,76.8,BEN
2011,Benin,80.0,BEN
2012,Benin,78.6,BEN
2013,Benin,77.9,BEN
2014,Benin,78.2,BEN
2015,Benin,78.8,BEN
2016,Benin,78.9,BEN
2017,Benin,77.6,BEN
2018,Benin,75.69009689938682,BEN
2019,Benin,73.6,BEN
2020,Benin,72.54479808532312,BEN
2021,Benin,72.8,BEN
2006,Bhutan,87.9,BTN
2007,Bhutan,86.4,BTN
2008,Bhutan,85.4,BTN
2009,Bhutan,87.3,BTN
2010,Bhutan,87.3,BTN
2011,Bhutan,85.0,BTN
2012,Bhutan,82.4,BTN
2013,Bhutan,81.8,BTN
2014,Bhutan,80.9,BTN
2015,Bhutan,78.7,BTN
2016,Bhutan,77.6,BTN
2017,Bhutan,76.0,BTN
2018,Bhutan,74.27398470769302,BTN
2019,Bhutan,72.0,BTN
2020,Bhutan,69.50902262964706,BTN
2021,Bhutan,68.3,BTN
2006,Bolivia,82.9,BOL
2007,Bolivia,82.0,BOL
2008,Bolivia,84.2,BOL
2009,Bolivia,86.3,BOL
2010,Bolivia,84.9,BOL
2011,Bolivia,82.9,BOL
2012,Bolivia,82.1,BOL
2013,Bolivia,80.8,BOL
2014,Bolivia,78.9,BOL
2015,Bolivia,78.1,BOL
2016,Bolivia,78.5,BOL
2017,Bolivia,76.8,BOL
2018,Bolivia,75.22337886150169,BOL
2019,Bolivia,72.9,BOL
2020,Bolivia,74.96686955912168,BOL
2021,Bolivia,74.89999999999998,BOL
2006,Bosnia and Herzegovina,88.5,BIH
2007,Bosnia and Herzegovina,84.5,BIH
2008,Bosnia and Herzegovina,84.3,BIH
2009,Bosnia and Herzegovina,83.3,BIH
2010,Bosnia and Herzegovina,83.5,BIH
2011,Bosnia and Herzegovina,80.9,BIH
2012,Bosnia and Herzegovina,77.9,BIH
2013,Bosnia and Herzegovina,76.5,BIH
2014,Bosnia and Herzegovina,75.9,BIH
2015,Bosnia and Herzegovina,77.4,BIH
2016,Bosnia and Herzegovina,74.6,BIH
2017,Bosnia and Herzegovina,73.0,BIH
2018,Bosnia and Herzegovina,71.33654613766848,BIH
2019,Bosnia and Herzegovina,71.3,BIH
2020,Bosnia and Herzegovina,70.22040622293711,BIH
2021,Bosnia and Herzegovina,72.89999999999999,BIH
2006,Botswana,66.9,BWA
2007,Botswana,66.4,BWA
2008,Botswana,65.9,BWA
2009,Botswana,68.8,BWA
2010,Botswana,68.6,BWA
2011,Botswana,67.9,BWA
2012,Botswana,66.5,BWA
2013,Botswana,64.0,BWA
2014,Botswana,64.5,BWA
2015,Botswana,62.8,BWA
2016,Botswana,63.5,BWA
2017,Botswana,63.8,BWA
2018,Botswana,61.98745014345976,BWA
2019,Botswana,59.5,BWA
2020,Botswana,57.07123296987986,BWA
2021,Botswana,56.99999999999999,BWA
2006,Brazil,63.1,BRA
2007,Brazil,66.9,BRA
2008,Brazil,67.6,BRA
2009,Brazil,69.1,BRA
2010,Brazil,67.4,BRA
2011,Brazil,65.1,BRA
2012,Brazil,64.1,BRA
2013,Brazil,62.1,BRA
2014,Brazil,61.4,BRA
2015,Brazil,62.7,BRA
2016,Brazil,65.3,BRA
2017,Brazil,68.2,BRA
2018,Brazil,68.7131308082741,BRA
2019,Brazil,71.8,BRA
2020,Brazil,72.99411372588226,BRA
2021,Brazil,75.79999999999998,BRA
2006,Brunei Darussalam,71.2,BRN
2007,Brunei Darussalam,71.2,BRN
2008,Brunei Darussalam,68.5,BRN
2009,Brunei Darussalam,68.1,BRN
2010,Brunei Darussalam,67.6,BRN
2011,Brunei Darussalam,65.8,BRN
2012,Brunei Darussalam,64.1,BRN
2013,Brunei Darussalam,63.2,BRN
2014,Brunei Darussalam,63.6,BRN
2015,Brunei Darussalam,63.0,BRN
2016,Brunei Darussalam,62.0,BRN
2017,Brunei Darussalam,61.6,BRN
2018,Brunei Darussalam,59.80623958429162,BRN
2019,Brunei Darussalam,57.5,BRN
2020,Brunei Darussalam,56.60002751710281,BRN
2021,Brunei Darussalam,56.3,BRN
2006,Bulgaria,62.1,BGR
2007,Bulgaria,60.3,BGR
2008,Bulgaria,58.5,BGR
2009,Bulgaria,61.5,BGR
2010,Bulgaria,61.2,BGR
2011,Bulgaria,59.0,BGR
2012,Bulgaria,56.3,BGR
2013,Bulgaria,55.0,BGR
2014,Bulgaria,54.4,BGR
2015,Bulgaria,55.4,BGR
2016,Bulgaria,53.7,BGR
2017,Bulgaria,53.7,BGR
2018,Bulgaria,51.65420796469111,BGR
2019,Bulgaria,50.6,BGR
2020,Bulgaria,49.17165481543572,BGR
2021,Bulgaria,51.6,BGR
2006,Burkina Faso,89.7,BFA
2007,Burkina Faso,89.7,BFA
2008,Burkina Faso,89.9,BFA
2009,Burkina Faso,91.3,BFA
2010,Burkina Faso,90.7,BFA
2011,Burkina Faso,88.6,BFA
2012,Burkina Faso,87.4,BFA
2013,Burkina Faso,90.2,BFA
2014,Burkina Faso,89.0,BFA
2015,Burkina Faso,89.2,BFA
2016,Burkina Faso,89.4,BFA
2017,Burkina Faso,88.0,BFA
2018,Burkina Faso,86.5236375122382,BFA
2019,Burkina Faso,83.9,BFA
2020,Burkina Faso,85.92852306050814,BFA
2021,Burkina Faso,87.1,BFA
2006,Burundi,96.7,BDI
2007,Burundi,95.2,BDI
2008,Burundi,94.1,BDI
2009,Burundi,95.7,BDI
2010,Burundi,96.7,BDI
2011,Burundi,98.6,BDI
2012,Burundi,97.5,BDI
2013,Burundi,97.6,BDI
2014,Burundi,97.1,BDI
2015,Burundi,98.0,BDI
2016,Burundi,100.7,BDI
2017,Burundi,98.9,BDI
2018,Burundi,97.36424028418536,BDI
2019,Burundi,98.2,BDI
2020,Burundi,97.87602964557674,BDI
2021,Burundi,97.1,BDI
2006,Cambodia,85.0,KHM
2007,Cambodia,85.7,KHM
2008,Cambodia,85.8,KHM
2009,Cambodia,87.3,KHM
2010,Cambodia,88.7,KHM
2011,Cambodia,88.5,KHM
2012,Cambodia,88.7,KHM
2013,Cambodia,88.0,KHM
2014,Cambodia,88.5,KHM
2015,Cambodia,87.9,KHM
2016,Cambodia,87.4,KHM
2017,Cambodia,85.7,KHM
2018,Cambodia,84.04889218927363,KHM
2019,Cambodia,82.5,KHM
2020,Cambodia,80.30838110384798,KHM
2021,Cambodia,80.60000000000001,KHM
2006,Cameroon,88.4,CMR
2007,Cameroon,89.4,CMR
2008,Cameroon,91.2,CMR
2009,Cameroon,95.3,CMR
2010,Cameroon,95.4,CMR
2011,Cameroon,94.6,CMR
2012,Cameroon,93.1,CMR
2013,Cameroon,93.5,CMR
2014,Cameroon,93.1,CMR
2015,Cameroon,94.3,CMR
2016,Cameroon,97.8,CMR
2017,Cameroon,95.6,CMR
2018,Cameroon,95.31218119378651,CMR
2019,Cameroon,97.0,CMR
2020,Cameroon,97.85508160571896,CMR
2021,Cameroon,97.2,CMR
2006,Canada,23.1,CAN
2007,Canada,25.1,CAN
2008,Canada,26.3,CAN
2009,Canada,27.7,CAN
2010,Canada,27.9,CAN
2011,Canada,27.7,CAN
2012,Canada,26.8,CAN
2013,Canada,26.0,CAN
2014,Canada,27.4,CAN
2015,Canada,25.6,CAN
2016,Canada,23.8,CAN
2017,Canada,22.6,CAN
2018,Canada,21.505583938323312,CAN
2019,Canada,20.0,CAN
2020,Canada,18.668898507980952,CAN
2021,Canada,21.7,CAN
2006,Cape Verde,81.1,CPV
2007,Cape Verde,81.1,CPV
2008,Cape Verde,80.7,CPV
2009,Cape Verde,78.5,CPV
2010,Cape Verde,77.2,CPV
2011,Cape Verde,75.8,CPV
2012,Cape Verde,74.7,CPV
2013,Cape Verde,73.7,CPV
2014,Cape Verde,74.1,CPV
2015,Cape Verde,73.5,CPV
2016,Cape Verde,71.5,CPV
2017,Cape Verde,70.1,CPV
2018,Cape Verde,68.00000000000001,CPV
2019,Cape Verde,66.6,CPV
2020,Cape Verde,64.7781708998417,CPV
2021,Cape Verde,64.7781708998417,CPV
2006,Central African Republic,97.5,CAF
2007,Central African Republic,101.0,CAF
2008,Central African Republic,103.7,CAF
2009,Central African Republic,105.4,CAF
2010,Central African Republic,106.4,CAF
2011,Central African Republic,105.0,CAF
2012,Central African Republic,103.8,CAF
2013,Central African Republic,105.3,CAF
2014,Central African Republic,110.6,CAF
2015,Central African Republic,111.9,CAF
2016,Central African Republic,112.1,CAF
2017,Central African Republic,112.6,CAF
2018,Central African Republic,111.12634461231347,CAF
2019,Central African Republic,108.9,CAF
2020,Central African Republic,107.48660467238278,CAF
2021,Central African Republic,107.0,CAF
2006,Chad,105.9,TCD
2007,Chad,108.8,TCD
2008,Chad,110.9,TCD
2009,Chad,112.2,TCD
2010,Chad,113.3,TCD
2011,Chad,110.3,TCD
2012,Chad,107.6,TCD
2013,Chad,109.0,TCD
2014,Chad,108.7,TCD
2015,Chad,108.4,TCD
2016,Chad,110.1,TCD
2017,Chad,109.4,TCD
2018,Chad,108.31187045747872,TCD
2019,Chad,108.5,TCD
2020,Chad,106.43382055499453,TCD
2021,Chad,105.8,TCD
2006,Chile,32.0,CHL
2007,Chile,33.8,CHL
2008,Chile,36.3,CHL
2009,Chile,37.5,CHL
2010,Chile,38.0,CHL
2011,Chile,40.7,CHL
2012,Chile,43.5,CHL
2013,Chile,42.3,CHL
2014,Chile,42.0,CHL
2015,Chile,41.5,CHL
2016,Chile,41.9,CHL
2017,Chile,41.1,CHL
2018,Chile,40.69103612258534,CHL
2019,Chile,38.9,CHL
2020,Chile,42.51352691171396,CHL
2021,Chile,44.1,CHL
2006,China,82.5,CHN
2007,China,81.2,CHN
2008,China,80.3,CHN
2009,China,84.6,CHN
2010,China,83.0,CHN
2011,China,80.1,CHN
2012,China,78.3,CHN
2013,China,80.9,CHN
2014,China,79.0,CHN
2015,China,76.5,CHN
2016,China,74.9,CHN
2017,China,74.7,CHN
2018,China,72.39504122741063,CHN
2019,China,71.1,CHN
2020,China,69.85878789983346,CHN
2021,China,68.89999999999999,CHN
2006,Colombia,91.8,COL
2007,Colombia,89.7,COL
2008,Colombia,89.0,COL
2009,Colombia,89.2,COL
2010,Colombia,88.2,COL
2011,Colombia,87.0,COL
2012,Colombia,84.4,COL
2013,Colombia,83.8,COL
2014,Colombia,83.1,COL
2015,Colombia,82.5,COL
2016,Colombia,80.2,COL
2017,Colombia,78.9,COL
2018,Colombia,76.62792958051614,COL
2019,Colombia,75.7,COL
2020,Colombia,76.61419215568088,COL
2021,Colombia,79.3,COL
2006,Comoros,77.8,COM
2007,Comoros,77.8,COM
2008,Comoros,79.6,COM
2009,Comoros,86.3,COM
2010,Comoros,85.1,COM
2011,Comoros,83.8,COM
2012,Comoros,83.0,COM
2013,Comoros,84.0,COM
2014,Comoros,85.1,COM
2015,Comoros,83.3,COM
2016,Comoros,83.8,COM
2017,Comoros,84.8,COM
2018,Comoros,82.62279134247851,COM
2019,Comoros,81.7,COM
2020,Comoros,81.24901232562686,COM
2021,Comoros,82.49999999999999,COM
2006,Congo Democratic Republic,110.1,COD
2007,Congo Democratic Republic,105.5,COD
2008,Congo Democratic Republic,106.7,COD
2009,Congo Democratic Republic,108.7,COD
2010,Congo Democratic Republic,109.9,COD
2011,Congo Democratic Republic,108.2,COD
2012,Congo Democratic Republic,111.2,COD
2013,Congo Democratic Republic,111.9,COD
2014,Congo Democratic Republic,110.2,COD
2015,Congo Democratic Republic,109.7,COD
2016,Congo Democratic Republic,110.0,COD
2017,Congo Democratic Republic,110.0,COD
2018,Congo Democratic Republic,110.67036484651268,COD
2019,Congo Democratic Republic,110.2,COD
2020,Congo Democratic Republic,109.39462095485344,COD
2021,Congo Democratic Republic,108.4,COD
2006,Costa Rica,49.6,CRI
2007,Costa Rica,50.5,CRI
2008,Costa Rica,50.9,CRI
2009,Costa Rica,52.5,CRI
2010,Costa Rica,52.0,CRI
2011,Costa Rica,50.6,CRI
2012,Costa Rica,49.7,CRI
2013,Costa Rica,48.7,CRI
2014,Costa Rica,48.5,CRI
2015,Costa Rica,46.8,CRI
2016,Costa Rica,45.1,CRI
2017,Costa Rica,44.1,CRI
2018,Costa Rica,43.236723940075855,CRI
2019,Costa Rica,42.0,CRI
2020,Costa Rica,40.184017849675776,CRI
2021,Costa Rica,42.49999999999999,CRI
2006,Cote d'Ivoire,109.2,CIV
2007,Cote d'Ivoire,107.3,CIV
2008,Cote d'Ivoire,104.6,CIV
2009,Cote d'Ivoire,102.5,CIV
2010,Cote d'Ivoire,101.2,CIV
2011,Cote d'Ivoire,102.8,CIV
2012,Cote d'Ivoire,103.6,CIV
2013,Cote d'Ivoire,103.5,CIV
2014,Cote d'Ivoire,101.7,CIV
2015,Cote d'Ivoire,100.1,CIV
2016,Cote d'Ivoire,97.9,CIV
2017,Cote d'Ivoire,96.5,CIV
2018,Cote d'Ivoire,94.56151916975632,CIV
2019,Cote d'Ivoire,92.1,CIV
2020,Cote d'Ivoire,89.72267369142226,CIV
2021,Cote d'Ivoire,90.7,CIV
2006,Croatia,61.9,HRV
2007,Croatia,60.5,HRV
2008,Croatia,59.4,HRV
2009,Croatia,60.1,HRV
2010,Croatia,59.0,HRV
2011,Croatia,57.3,HRV
2012,Croatia,56.3,HRV
2013,Croatia,54.1,HRV
2014,Croatia,52.9,HRV
2015,Croatia,51.0,HRV
2016,Croatia,52.4,HRV
2017,Croatia,50.6,HRV
2018,Croatia,48.71641829811867,HRV
2019,Croatia,47.5,HRV
2020,Croatia,46.0945211833464,HRV
2021,Croatia,49.8,HRV
2006,Cuba,81.9,CUB
2007,Cuba,78.6,CUB
2008,Cuba,78.6,CUB
2009,Cuba,80.6,CUB
2010,Cuba,79.4,CUB
2011,Cuba,76.6,CUB
2012,Cuba,73.1,CUB
2013,Cuba,72.8,CUB
2014,Cuba,70.8,CUB
2015,Cuba,67.4,CUB
2016,Cuba,66.3,CUB
2017,Cuba,64.6,CUB
2018,Cuba,62.89031679299263,CUB
2019,Cuba,60.8,CUB
2020,Cuba,59.227756982641615,CUB
2021,Cuba,59.5,CUB
2006,Cyprus,70.5,CYP
2007,Cyprus,70.2,CYP
2008,Cyprus,69.7,CYP
2009,Cyprus,68.9,CYP
2010,Cyprus,68.0,CYP
2011,Cyprus,67.6,CYP
2012,Cyprus,66.8,CYP
2013,Cyprus,67.0,CYP
2014,Cyprus,67.9,CYP
2015,Cyprus,66.2,CYP
2016,Cyprus,64.0,CYP
2017,Cyprus,62.6,CYP
2018,Cyprus,60.286306956278125,CYP
2019,Cyprus,57.8,CYP
2020,Cyprus,56.05796495249495,CYP
2021,Cyprus,57.39999999999999,CYP
2006,Czech Republic,41.8,CZE
2007,Czech Republic,42.1,CZE
2008,Czech Republic,42.1,CZE
2009,Czech Republic,42.6,CZE
2010,Czech Republic,41.5,CZE
2011,Czech Republic,42.4,CZE
2012,Czech Republic,39.5,CZE
2013,Czech Republic,39.9,CZE
2014,Czech Republic,39.4,CZE
2015,Czech Republic,37.4,CZE
2016,Czech Republic,40.8,CZE
2017,Czech Republic,40.1,CZE
2018,Czech Republic,39.04760145627088,CZE
2019,Czech Republic,37.39460878316568,CZE
2020,Czech Republic,35.74161611006048,CZE
2021,Czech Republic,35.74161611006048,CZE
2006,Denmark,24.8,DNK
2007,Denmark,22.2,DNK
2008,Denmark,21.5,DNK
2009,Denmark,23.2,DNK
2010,Denmark,22.9,DNK
2011,Denmark,23.8,DNK
2012,Denmark,23.0,DNK
2013,Denmark,21.9,DNK
2014,Denmark,22.8,DNK
2015,Denmark,21.4,DNK
2016,Denmark,21.5,DNK
2017,Denmark,21.5,DNK
2018,Denmark,19.785177227543933,DNK
2019,Denmark,19.5,DNK
2020,Denmark,17.213586679528063,DNK
2021,Denmark,18.8,DNK
2006,Djibouti,80.3,DJI
2007,Djibouti,80.3,DJI
2008,Djibouti,80.0,DJI
2009,Djibouti,80.6,DJI
2010,Djibouti,81.9,DJI
2011,Djibouti,82.6,DJI
2012,Djibouti,83.8,DJI
2013,Djibouti,85.5,DJI
2014,Djibouti,87.1,DJI
2015,Djibouti,88.0,DJI
2016,Djibouti,89.7,DJI
2017,Djibouti,88.9,DJI
2018,Djibouti,87.11477754799978,DJI
2019,Djibouti,85.1,DJI
2020,Djibouti,82.72548312161723,DJI
2021,Djibouti,82.39999999999999,DJI
2006,Dominican Republic,85.0,DOM
2007,Dominican Republic,80.6,DOM
2008,Dominican Republic,78.4,DOM
2009,Dominican Republic,77.7,DOM
2010,Dominican Republic,76.8,DOM
2011,Dominican Republic,76.9,DOM
2012,Dominican Republic,74.1,DOM
2013,Dominican Republic,73.2,DOM
2014,Dominican Republic,73.4,DOM
2015,Dominican Republic,71.2,DOM
2016,Dominican Republic,70.8,DOM
2017,Dominican Republic,69.0,DOM
2018,Dominican Republic,69.19632518627424,DOM
2019,Dominican Republic,66.2,DOM
2020,Dominican Republic,64.35620204936144,DOM
2021,Dominican Republic,64.7,DOM
2006,Ecuador,81.2,ECU
2007,Ecuador,79.9,ECU
2008,Ecuador,80.3,ECU
2009,Ecuador,81.2,ECU
2010,Ecuador,81.7,ECU
2011,Ecuador,82.2,ECU
2012,Ecuador,80.1,ECU
2013,Ecuador,78.6,ECU
2014,Ecuador,77.3,ECU
2015,Ecuador,75.9,ECU
2016,Ecuador,75.6,ECU
2017,Ecuador,77.3,ECU
2018,Ecuador,74.23122556430408,ECU
2019,Ecuador,71.2,ECU
2020,Ecuador,69.40303455188986,ECU
2021,Ecuador,71.2,ECU
2006,Egypt,89.5,EGY
2007,Egypt,89.2,EGY
2008,Egypt,88.7,EGY
2009,Egypt,89.0,EGY
2010,Egypt,87.6,EGY
2011,Egypt,86.8,EGY
2012,Egypt,90.4,EGY
2013,Egypt,90.6,EGY
2014,Egypt,91.0,EGY
2015,Egypt,89.9,EGY
2016,Egypt,90.2,EGY
2017,Egypt,89.8,EGY
2018,Egypt,88.73736287679192,EGY
2019,Egypt,88.4,EGY
2020,Egypt,86.00613825029183,EGY
2021,Egypt,85.0,EGY
2006,El Salvador,76.1,SLV
2007,El Salvador,74.9,SLV
2008,El Salvador,75.5,SLV
2009,El Salvador,77.2,SLV
2010,El Salvador,78.1,SLV
2011,El Salvador,76.0,SLV
2012,El Salvador,74.4,SLV
2013,El Salvador,73.2,SLV
2014,El Salvador,72.0,SLV
2015,El Salvador,71.4,SLV
2016,El Salvador,72.5,SLV
2017,El Salvador,73.1,SLV
2018,El Salvador,71.16006105064231,SLV
2019,El Salvador,69.8,SLV
2020,El Salvador,68.89464371164277,SLV
2021,El Salvador,71.6,SLV
2006,Equatorial Guinea,84.0,GNQ
2007,Equatorial Guinea,88.2,GNQ
2008,Equatorial Guinea,88.0,GNQ
2009,Equatorial Guinea,88.3,GNQ
2010,Equatorial Guinea,88.5,GNQ
2011,Equatorial Guinea,88.1,GNQ
2012,Equatorial Guinea,86.3,GNQ
2013,Equatorial Guinea,86.1,GNQ
2014,Equatorial Guinea,85.3,GNQ
2015,Equatorial Guinea,84.8,GNQ
2016,Equatorial Guinea,85.2,GNQ
2017,Equatorial Guinea,85.0,GNQ
2018,Equatorial Guinea,83.39889583816712,GNQ
2019,Equatorial Guinea,82.6,GNQ
2020,Equatorial Guinea,83.01620385538543,GNQ
2021,Equatorial Guinea,84.10000000000001,GNQ
2006,Eritrea,83.9,ERI
2007,Eritrea,85.5,ERI
2008,Eritrea,87.4,ERI
2009,Eritrea,90.3,ERI
2010,Eritrea,93.3,ERI
2011,Eritrea,93.6,ERI
2012,Eritrea,94.5,ERI
2013,Eritrea,95.0,ERI
2014,Eritrea,95.5,ERI
2015,Eritrea,96.9,ERI
2016,Eritrea,98.6,ERI
2017,Eritrea,98.1,ERI
2018,Eritrea,97.20823903623204,ERI
2019,Eritrea,96.4,ERI
2020,Eritrea,95.8442307280238,ERI
2021,Eritrea,97.0,ERI
2006,Estonia,51.0,EST
2007,Estonia,50.5,EST
2008,Estonia,51.0,EST
2009,Estonia,51.2,EST
2010,Estonia,50.7,EST
2011,Estonia,49.3,EST
2012,Estonia,47.5,EST
2013,Estonia,45.3,EST
2014,Estonia,45.2,EST
2015,Estonia,43.7,EST
2016,Estonia,43.4,EST
2017,Estonia,44.7,EST
2018,Estonia,42.990053644081904,EST
2019,Estonia,40.8,EST
2020,Estonia,38.52345451018706,EST
2021,Estonia,39.50000000000001,EST
2006,Ethiopia,91.9,ETH
2007,Ethiopia,95.3,ETH
2008,Ethiopia,96.1,ETH
2009,Ethiopia,98.9,ETH
2010,Ethiopia,98.8,ETH
2011,Ethiopia,98.2,ETH
2012,Ethiopia,97.9,ETH
2013,Ethiopia,98.9,ETH
2014,Ethiopia,97.9,ETH
2015,Ethiopia,97.5,ETH
2016,Ethiopia,97.2,ETH
2017,Ethiopia,101.1,ETH
2018,Ethiopia,99.56909778499838,ETH
2019,Ethiopia,94.2,ETH
2020,Ethiopia,94.59577634557802,ETH
2021,Ethiopia,99.0,ETH
2006,Fiji,75.7,FJI
2007,Fiji,75.7,FJI
2008,Fiji,76.6,FJI
2009,Fiji,78.8,FJI
2010,Fiji,80.5,FJI
2011,Fiji,81.1,FJI
2012,Fiji,80.5,FJI
2013,Fiji,80.8,FJI
2014,Fiji,79.0,FJI
2015,Fiji,76.7,FJI
2016,Fiji,76.2,FJI
2017,Fiji,76.9,FJI
2018,Fiji,74.51822129476686,FJI
2019,Fiji,71.7,FJI
2020,Fiji,69.85212211648623,FJI
2021,Fiji,70.4,FJI
2006,Finland,18.2,FIN
2007,Finland,18.5,FIN
2008,Finland,18.4,FIN
2009,Finland,19.2,FIN
2010,Finland,19.3,FIN
2011,Finland,19.7,FIN
2012,Finland,20.0,FIN
2013,Finland,18.0,FIN
2014,Finland,18.7,FIN
2015,Finland,17.7,FIN
2016,Finland,18.8,FIN
2017,Finland,18.7,FIN
2018,Finland,17.934251926521828,FIN
2019,Finland,16.9,FIN
2020,Finland,14.626666190916623,FIN
2021,Finland,16.2,FIN
2006,France,34.3,FRA
2007,France,34.1,FRA
2008,France,34.8,FRA
2009,France,35.3,FRA
2010,France,34.9,FRA
2011,France,34.0,FRA
2012,France,33.6,FRA
2013,France,32.6,FRA
2014,France,34.8,FRA
2015,France,33.7,FRA
2016,France,34.5,FRA
2017,France,33.5,FRA
2018,France,32.22701109659329,FRA
2019,France,32.0,FRA
2020,France,30.48111107032384,FRA
2021,France,32.5,FRA
2006,Gabon,73.6,GAB
2007,Gabon,73.3,GAB
2008,Gabon,75.0,GAB
2009,Gabon,74.4,GAB
2010,Gabon,75.3,GAB
2011,Gabon,75.3,GAB
2012,Gabon,74.6,GAB
2013,Gabon,72.9,GAB
2014,Gabon,72.2,GAB
2015,Gabon,71.2,GAB
2016,Gabon,72.0,GAB
2017,Gabon,73.8,GAB
2018,Gabon,72.47628284232633,GAB
2019,Gabon,70.5,GAB
2020,Gabon,69.08700133545015,GAB
2021,Gabon,67.4,GAB
2006,Gambia,74.0,GMB
2007,Gambia,76.0,GMB
2008,Gambia,76.9,GMB
2009,Gambia,79.0,GMB
2010,Gambia,80.2,GMB
2011,Gambia,80.9,GMB
2012,Gambia,80.6,GMB
2013,Gambia,81.8,GMB
2014,Gambia,83.1,GMB
2015,Gambia,85.4,GMB
2016,Gambia,86.8,GMB
2017,Gambia,89.4,GMB
2018,Gambia,87.06418531960836,GMB
2019,Gambia,83.9,GMB
2020,Gambia,82.21463956781182,GMB
2021,Gambia,80.5,GMB
2006,Georgia,82.2,GEO
2007,Georgia,82.3,GEO
2008,Georgia,83.8,GEO
2009,Georgia,91.8,GEO
2010,Georgia,90.4,GEO
2011,Georgia,86.4,GEO
2012,Georgia,84.8,GEO
2013,Georgia,84.2,GEO
2014,Georgia,82.7,GEO
2015,Georgia,79.2,GEO
2016,Georgia,78.9,GEO
2017,Georgia,76.5,GEO
2018,Georgia,74.00003923403446,GEO
2019,Georgia,72.0,GEO
2020,Georgia,71.15229518395927,GEO
2021,Georgia,72.6,GEO
2006,Germany,39.7,DEU
2007,Germany,38.4,DEU
2008,Germany,37.3,DEU
2009,Germany,36.2,DEU
2010,Germany,35.4,DEU
2011,Germany,33.9,DEU
2012,Germany,31.7,DEU
2013,Germany,29.7,DEU
2014,Germany,30.6,DEU
2015,Germany,28.1,DEU
2016,Germany,28.6,DEU
2017,Germany,28.1,DEU
2018,Germany,25.83337235566515,DEU
2019,Germany,24.7,DEU
2020,Germany,23.188488518886743,DEU
2021,Germany,24.8,DEU
2006,Ghana,60.5,GHA
2007,Ghana,61.9,GHA
2008,Ghana,64.6,GHA
2009,Ghana,66.2,GHA
2010,Ghana,67.1,GHA
2011,Ghana,67.7,GHA
2012,Ghana,67.5,GHA
2013,Ghana,69.1,GHA
2014,Ghana,70.7,GHA
2015,Ghana,71.8,GHA
2016,Ghana,71.2,GHA
2017,Ghana,69.7,GHA
2018,Ghana,68.1221863165064,GHA
2019,Ghana,65.9,GHA
2020,Ghana,64.15816913182405,GHA
2021,Ghana,63.900000000000006,GHA
2006,Greece,41.1,GRC
2007,Greece,43.5,GRC
2008,Greece,45.4,GRC
2009,Greece,46.1,GRC
2010,Greece,45.9,GRC
2011,Greece,47.4,GRC
2012,Greece,50.4,GRC
2013,Greece,50.6,GRC
2014,Greece,52.1,GRC
2015,Greece,52.6,GRC
2016,Greece,55.9,GRC
2017,Greece,57.5,GRC
2018,Greece,55.28241010073139,GRC
2019,Greece,53.9,GRC
2020,Greece,52.14869722028766,GRC
2021,Greece,54.49999999999999,GRC
2006,Grenada,71.6,GRD
2007,Grenada,71.6,GRD
2008,Grenada,69.0,GRD
2009,Grenada,67.9,GRD
2010,Grenada,67.0,GRD
2011,Grenada,66.4,GRD
2012,Grenada,65.0,GRD
2013,Grenada,64.6,GRD
2014,Grenada,65.2,GRD
2015,Grenada,63.5,GRD
2016,Grenada,63.0,GRD
2017,Grenada,61.5,GRD
2018,Grenada,59.9,GRD
2019,Grenada,57.6,GRD
2020,Grenada,55.24684546356435,GRD
2021,Grenada,56.1,GRD
2006,Guatemala,84.3,GTM
2007,Guatemala,81.4,GTM
2008,Guatemala,80.6,GTM
2009,Guatemala,80.6,GTM
2010,Guatemala,81.2,GTM
2011,Guatemala,80.1,GTM
2012,Guatemala,79.4,GTM
2013,Guatemala,80.7,GTM
2014,Guatemala,80.3,GTM
2015,Guatemala,80.4,GTM
2016,Guatemala,83.2,GTM
2017,Guatemala,83.1,GTM
2018,Guatemala,81.83670919240136,GTM
2019,Guatemala,81.4,GTM
2020,Guatemala,79.17634843834767,GTM
2021,Guatemala,79.4,GTM
2006,Guinea,99.0,GIN
2007,Guinea,101.3,GIN
2008,Guinea,101.8,GIN
2009,Guinea,104.6,GIN
2010,Guinea,105.0,GIN
2011,Guinea,102.5,GIN
2012,Guinea,101.9,GIN
2013,Guinea,101.3,GIN
2014,Guinea,102.7,GIN
2015,Guinea,104.9,GIN
2016,Guinea,103.8,GIN
2017,Guinea,102.4,GIN
2018,Guinea,101.6167424753827,GIN
2019,Guinea,99.4,GIN
2020,Guinea,97.16761117146424,GIN
2021,Guinea,97.4,GIN
2006,Guinea Bissau,85.4,GNB
2007,Guinea Bissau,88.8,GNB
2008,Guinea Bissau,91.3,GNB
2009,Guinea Bissau,94.8,GNB
2010,Guinea Bissau,97.2,GNB
2011,Guinea Bissau,98.3,GNB
2012,Guinea Bissau,99.2,GNB
2013,Guinea Bissau,101.1,GNB
2014,Guinea Bissau,100.6,GNB
2015,Guinea Bissau,99.9,GNB
2016,Guinea Bissau,99.8,GNB
2017,Guinea Bissau,99.5,GNB
2018,Guinea Bissau,98.09458991085197,GNB
2019,Guinea Bissau,95.5,GNB
2020,Guinea Bissau,92.90207550854626,GNB
2021,Guinea Bissau,92.0,GNB
2006,Guyana,73.3,GUY
2007,Guyana,73.3,GUY
2008,Guyana,72.2,GUY
2009,Guyana,73.0,GUY
2010,Guyana,73.0,GUY
2011,Guyana,72.6,GUY
2012,Guyana,71.4,GUY
2013,Guyana,70.8,GUY
2014,Guyana,71.0,GUY
2015,Guyana,70.5,GUY
2016,Guyana,70.9,GUY
2017,Guyana,71.3,GUY
2018,Guyana,70.35847016331266,GUY
2019,Guyana,68.2,GUY
2020,Guyana,65.95105985340093,GUY
2021,Guyana,66.1,GUY
2006,Haiti,104.6,HTI
2007,Haiti,100.9,HTI
2008,Haiti,99.3,HTI
2009,Haiti,101.8,HTI
2010,Haiti,101.6,HTI
2011,Haiti,108.0,HTI
2012,Haiti,104.9,HTI
2013,Haiti,105.8,HTI
2014,Haiti,104.3,HTI
2015,Haiti,104.5,HTI
2016,Haiti,105.1,HTI
2017,Haiti,105.3,HTI
2018,Haiti,101.96955214756449,HTI
2019,Haiti,99.3,HTI
2020,Haiti,97.67900000000002,HTI
2021,Haiti,97.5,HTI
2006,Honduras,76.7,HND
2007,Honduras,74.8,HND
2008,Honduras,74.9,HND
2009,Honduras,77.2,HND
2010,Honduras,80.0,HND
2011,Honduras,78.3,HND
2012,Honduras,78.5,HND
2013,Honduras,78.3,HND
2014,Honduras,77.9,HND
2015,Honduras,78.1,HND
2016,Honduras,79.8,HND
2017,Honduras,79.1,HND
2018,Honduras,77.2624416679196,HND
2019,Honduras,77.8,HND
2020,Honduras,76.78897699605234,HND
2021,Honduras,79.4,HND
2006,Hungary,46.7,HUN
2007,Hungary,51.2,HUN
2008,Hungary,50.9,HUN
2009,Hungary,50.7,HUN
2010,Hungary,50.1,HUN
2011,Hungary,48.7,HUN
2012,Hungary,48.3,HUN
2013,Hungary,47.6,HUN
2014,Hungary,48.3,HUN
2015,Hungary,49.1,HUN
2016,Hungary,52.7,HUN
2017,Hungary,52.0,HUN
2018,Hungary,50.20431326900252,HUN
2019,Hungary,49.6,HUN
2020,Hungary,47.62085657690617,HUN
2021,Hungary,51.09999999999999,HUN
2006,Iceland,21.1,ISL
2007,Iceland,21.1,ISL
2008,Iceland,20.9,ISL
2009,Iceland,29.0,ISL
2010,Iceland,29.8,ISL
2011,Iceland,30.1,ISL
2012,Iceland,29.1,ISL
2013,Iceland,24.7,ISL
2014,Iceland,25.9,ISL
2015,Iceland,23.4,ISL
2016,Iceland,22.8,ISL
2017,Iceland,22.5,ISL
2018,Iceland,20.3,ISL
2019,Iceland,19.8,ISL
2020,Iceland,17.799999999999997,ISL
2021,Iceland,18.0,ISL
2006,India,70.4,IND
2007,India,70.8,IND
2008,India,72.9,IND
2009,India,77.8,IND
2010,India,79.2,IND
2011,India,79.3,IND
2012,India,78.0,IND
2013,India,77.5,IND
2014,India,76.9,IND
2015,India,79.3,IND
2016,India,79.6,IND
2017,India,77.9,IND
2018,India,76.30850993941235,IND
2019,India,74.4,IND
2020,India,75.30743258442217,IND
2021,India,76.99999999999999,IND
2006,Indonesia,89.2,IDN
2007,Indonesia,84.4,IDN
2008,Indonesia,83.3,IDN
2009,Indonesia,84.1,IDN
2010,Indonesia,83.1,IDN
2011,Indonesia,81.6,IDN
2012,Indonesia,80.6,IDN
2013,Indonesia,78.2,IDN
2014,Indonesia,76.8,IDN
2015,Indonesia,75.0,IDN
2016,Indonesia,74.9,IDN
2017,Indonesia,72.9,IDN
2018,Indonesia,72.29772813709069,IDN
2019,Indonesia,70.4,IDN
2020,Indonesia,67.84550475118697,IDN
2021,Indonesia,67.6,IDN
2006,Iran,84.0,IRN
2007,Iran,82.8,IRN
2008,Iran,85.7,IRN
2009,Iran,90.0,IRN
2010,Iran,92.2,IRN
2011,Iran,90.2,IRN
2012,Iran,89.6,IRN
2013,Iran,89.7,IRN
2014,Iran,87.2,IRN
2015,Iran,87.1,IRN
2016,Iran,86.9,IRN
2017,Iran,85.8,IRN
2018,Iran,84.27111516741917,IRN
2019,Iran,83.0,IRN
2020,Iran,83.3866086520676,IRN
2021,Iran,84.5,IRN
2006,Iraq,109.0,IRQ
2007,Iraq,111.4,IRQ
2008,Iraq,110.6,IRQ
2009,Iraq,108.6,IRQ
2010,Iraq,107.3,IRQ
2011,Iraq,104.8,IRQ
2012,Iraq,104.3,IRQ
2013,Iraq,103.9,IRQ
2014,Iraq,102.2,IRQ
2015,Iraq,104.4,IRQ
2016,Iraq,104.7,IRQ
2017,Iraq,105.4,IRQ
2018,Iraq,102.20568542153823,IRQ
2019,Iraq,99.1,IRQ
2020,Iraq,95.94116979347216,IRQ
2021,Iraq,96.2,IRQ
2006,Ireland,18.6,IRL
2007,Ireland,19.5,IRL
2008,Ireland,19.9,IRL
2009,Ireland,21.6,IRL
2010,Ireland,22.4,IRL
2011,Ireland,25.3,IRL
2012,Ireland,26.5,IRL
2013,Ireland,24.8,IRL
2014,Ireland,26.1,IRL
2015,Ireland,24.6,IRL
2016,Ireland,22.5,IRL
2017,Ireland,22.3,IRL
2018,Ireland,20.7393047786885,IRL
2019,Ireland,20.6,IRL
2020,Ireland,19.93941688089731,IRL
2021,Ireland,22.200000000000003,IRL
2006,Italy,35.1,ITA
2007,Italy,37.1,ITA
2008,Italy,39.9,ITA
2009,Italy,43.9,ITA
2010,Italy,45.7,ITA
2011,Italy,45.8,ITA
2012,Italy,45.8,ITA
2013,Italy,44.6,ITA
2014,Italy,43.4,ITA
2015,Italy,43.2,ITA
2016,Italy,43.1,ITA
2017,Italy,45.2,ITA
2018,Italy,43.8,ITA
2019,Italy,43.8,ITA
2020,Italy,42.35313024887805,ITA
2021,Italy,45.2,ITA
2006,Jamaica,66.8,JAM
2007,Jamaica,65.1,JAM
2008,Jamaica,65.7,JAM
2009,Jamaica,68.6,JAM
2010,Jamaica,67.4,JAM
2011,Jamaica,67.1,JAM
2012,Jamaica,65.8,JAM
2013,Jamaica,65.6,JAM
2014,Jamaica,64.9,JAM
2015,Jamaica,64.6,JAM
2016,Jamaica,65.0,JAM
2017,Jamaica,65.2,JAM
2018,Jamaica,63.11945865018858,JAM
2019,Jamaica,61.2,JAM
2020,Jamaica,60.02494703870308,JAM
2021,Jamaica,61.2,JAM
2006,Japan,28.0,JPN
2007,Japan,28.5,JPN
2008,Japan,29.7,JPN
2009,Japan,31.2,JPN
2010,Japan,31.3,JPN
2011,Japan,31.0,JPN
2012,Japan,43.5,JPN
2013,Japan,36.1,JPN
2014,Japan,36.3,JPN
2015,Japan,36.0,JPN
2016,Japan,35.1,JPN
2017,Japan,37.4,JPN
2018,Japan,34.47489966723306,JPN
2019,Japan,34.3,JPN
2020,Japan,32.332289117028274,JPN
2021,Japan,32.2,JPN
2006,Jordan,77.0,JOR
2007,Jordan,76.6,JOR
2008,Jordan,77.3,JOR
2009,Jordan,77.9,JOR
2010,Jordan,77.0,JOR
2011,Jordan,74.5,JOR
2012,Jordan,74.8,JOR
2013,Jordan,75.7,JOR
2014,Jordan,76.7,JOR
2015,Jordan,76.9,JOR
2016,Jordan,78.0,JOR
2017,Jordan,78.7,JOR
2018,Jordan,76.75207113512026,JOR
2019,Jordan,75.9,JOR
2020,Jordan,75.42853052941282,JOR
2021,Jordan,76.8,JOR
2006,Kazakhstan,71.9,KAZ
2007,Kazakhstan,72.3,KAZ
2008,Kazakhstan,72.4,KAZ
2009,Kazakhstan,72.5,KAZ
2010,Kazakhstan,72.7,KAZ
2011,Kazakhstan,70.2,KAZ
2012,Kazakhstan,70.9,KAZ
2013,Kazakhstan,69.8,KAZ
2014,Kazakhstan,68.5,KAZ
2015,Kazakhstan,68.3,KAZ
2016,Kazakhstan,66.5,KAZ
2017,Kazakhstan,65.9,KAZ
2018,Kazakhstan,63.43851484252681,KAZ
2019,Kazakhstan,61.6,KAZ
2020,Kazakhstan,59.770101356315976,KAZ
2021,Kazakhstan,61.20000000000001,KAZ
2006,Kenya,88.6,KEN
2007,Kenya,91.3,KEN
2008,Kenya,93.4,KEN
2009,Kenya,101.4,KEN
2010,Kenya,100.7,KEN
2011,Kenya,98.7,KEN
2012,Kenya,98.4,KEN
2013,Kenya,99.6,KEN
2014,Kenya,99.0,KEN
2015,Kenya,97.3,KEN
2016,Kenya,98.3,KEN
2017,Kenya,96.4,KEN
2018,Kenya,97.38051499327098,KEN
2019,Kenya,93.5,KEN
2020,Kenya,90.31586992597772,KEN
2021,Kenya,89.2,KEN
2006,Kuwait,60.8,KWT
2007,Kuwait,62.1,KWT
2008,Kuwait,62.0,KWT
2009,Kuwait,63.4,KWT
2010,Kuwait,61.5,KWT
2011,Kuwait,59.5,KWT
2012,Kuwait,58.8,KWT
2013,Kuwait,59.6,KWT
2014,Kuwait,59.0,KWT
2015,Kuwait,57.5,KWT
2016,Kuwait,58.5,KWT
2017,Kuwait,58.5,KWT
2018,Kuwait,55.8914871882463,KWT
2019,Kuwait,53.2,KWT
2020,Kuwait,50.899274182096256,KWT
2021,Kuwait,52.900000000000006,KWT
2006,Kyrgyz Republic,90.3,KGZ
2007,Kyrgyz Republic,88.2,KGZ
2008,Kyrgyz Republic,88.8,KGZ
2009,Kyrgyz Republic,89.1,KGZ
2010,Kyrgyz Republic,88.4,KGZ
2011,Kyrgyz Republic,91.8,KGZ
2012,Kyrgyz Republic,87.4,KGZ
2013,Kyrgyz Republic,85.7,KGZ
2014,Kyrgyz Republic,83.9,KGZ
2015,Kyrgyz Republic,82.2,KGZ
2016,Kyrgyz Republic,81.1,KGZ
2017,Kyrgyz Republic,80.3,KGZ
2018,Kyrgyz Republic,78.6341219093271,KGZ
2019,Kyrgyz Republic,76.2,KGZ
2020,Kyrgyz Republic,73.92936357080953,KGZ
2021,Kyrgyz Republic,73.92936357080953,KGZ
2006,Laos,87.9,LAO
2007,Laos,87.2,LAO
2008,Laos,88.7,LAO
2009,Laos,89.0,LAO
2010,Laos,88.7,LAO
2011,Laos,86.7,LAO
2012,Laos,85.5,LAO
2013,Laos,83.7,LAO
2014,Laos,84.3,LAO
2015,Laos,84.4,LAO
2016,Laos,84.4,LAO
2017,Laos,82.4,LAO
2018,Laos,80.72431003670523,LAO
2019,Laos,78.7,LAO
2020,Laos,76.86018745028443,LAO
2021,Laos,76.0,LAO
2006,Latvia,56.2,LVA
2007,Latvia,56.7,LVA
2008,Latvia,54.5,LVA
2009,Latvia,54.6,LVA
2010,Latvia,55.4,LVA
2011,Latvia,54.2,LVA
2012,Latvia,51.9,LVA
2013,Latvia,47.9,LVA
2014,Latvia,48.0,LVA
2015,Latvia,48.5,LVA
2016,Latvia,47.4,LVA
2017,Latvia,46.4,LVA
2018,Latvia,44.899921744994565,LVA
2019,Latvia,43.9,LVA
2020,Latvia,42.31122746144478,LVA
2021,Latvia,44.0,LVA
2006,Lebanon,80.5,LBN
2007,Lebanon,92.4,LBN
2008,Lebanon,95.7,LBN
2009,Lebanon,93.5,LBN
2010,Lebanon,90.9,LBN
2011,Lebanon,87.7,LBN
2012,Lebanon,85.8,LBN
2013,Lebanon,86.3,LBN
2014,Lebanon,86.9,LBN
2015,Lebanon,88.1,LBN
2016,Lebanon,89.6,LBN
2017,Lebanon,88.2,LBN
2018,Lebanon,86.81328586730942,LBN
2019,Lebanon,85.0,LBN
2020,Lebanon,84.72043333917239,LBN
2021,Lebanon,89.0,LBN
2006,Lesotho,81.2,LSO
2007,Lesotho,81.2,LSO
2008,Lesotho,81.7,LSO
2009,Lesotho,81.8,LSO
2010,Lesotho,82.2,LSO
2011,Lesotho,80.4,LSO
2012,Lesotho,79.0,LSO
2013,Lesotho,79.4,LSO
2014,Lesotho,78.6,LSO
2015,Lesotho,79.9,LSO
2016,Lesotho,80.9,LSO
2017,Lesotho,81.7,LSO
2018,Lesotho,80.13336187638737,LSO
2019,Lesotho,79.7,LSO
2020,Lesotho,78.29011539823739,LSO
2021,Lesotho,77.9,LSO
2006,Liberia,99.0,LBR
2007,Liberia,92.9,LBR
2008,Liberia,91.0,LBR
2009,Liberia,91.8,LBR
2010,Liberia,91.7,LBR
2011,Liberia,94.0,LBR
2012,Liberia,93.3,LBR
2013,Liberia,95.1,LBR
2014,Liberia,94.3,LBR
2015,Liberia,97.3,LBR
2016,Liberia,95.5,LBR
2017,Liberia,93.8,LBR
2018,Liberia,92.560250792477,LBR
2019,Liberia,90.2,LBR
2020,Liberia,90.04390059160053,LBR
2021,Liberia,89.49999999999999,LBR
2006,Libya,68.5,LBY
2007,Libya,69.3,LBY
2008,Libya,70.0,LBY
2009,Libya,69.4,LBY
2010,Libya,69.1,LBY
2011,Libya,68.7,LBY
2012,Libya,84.9,LBY
2013,Libya,84.5,LBY
2014,Libya,87.8,LBY
2015,Libya,95.3,LBY
2016,Libya,96.4,LBY
2017,Libya,96.3,LBY
2018,Libya,94.6,LBY
2019,Libya,92.2,LBY
2020,Libya,95.19371849236182,LBY
2021,Libya,97.0,LBY
2006,Lithuania,49.7,LTU
2007,Lithuania,49.0,LTU
2008,Lithuania,48.7,LTU
2009,Lithuania,48.0,LTU
2010,Lithuania,47.8,LTU
2011,Lithuania,45.3,LTU
2012,Lithuania,44.2,LTU
2013,Lithuania,43.0,LTU
2014,Lithuania,43.2,LTU
2015,Lithuania,43.0,LTU
2016,Lithuania,42.4,LTU
2017,Lithuania,41.7,LTU
2018,Lithuania,39.40955428935555,LTU
2019,Lithuania,38.1,LTU
2020,Lithuania,36.47089084336904,LTU
2021,Lithuania,38.7,LTU
2006,Luxembourg,28.1,LUX
2007,Luxembourg,28.1,LUX
2008,Luxembourg,27.9,LUX
2009,Luxembourg,27.6,LUX
2010,Luxembourg,27.3,LUX
2011,Luxembourg,26.1,LUX
2012,Luxembourg,25.5,LUX
2013,Luxembourg,23.3,LUX
2014,Luxembourg,24.6,LUX
2015,Luxembourg,22.1,LUX
2016,Luxembourg,24.1,LUX
2017,Luxembourg,23.4,LUX
2018,Luxembourg,20.757276455472248,LUX
2019,Luxembourg,20.4,LUX
2020,Luxembourg,18.84924040750671,LUX
2021,Luxembourg,21.1,LUX
2006,Macedonia,75.1,MKD
2007,Macedonia,74.1,MKD
2008,Macedonia,74.6,MKD
2009,Macedonia,74.4,MKD
2010,Macedonia,72.7,MKD
2011,Macedonia,71.0,MKD
2012,Macedonia,69.1,MKD
2013,Macedonia,68.0,MKD
2014,Macedonia,66.4,MKD
2015,Macedonia,64.5,MKD
2016,Macedonia,67.0,MKD
2017,Macedonia,66.1,MKD
2018,Macedonia,64.79715789270658,MKD
2019,Macedonia,64.6,MKD
2020,Macedonia,62.13086384675053,MKD
2021,Macedonia,62.13086384675053,MKD
2006,Madagascar,76.5,MDG
2007,Madagascar,76.5,MDG
2008,Madagascar,76.7,MDG
2009,Madagascar,81.6,MDG
2010,Madagascar,82.6,MDG
2011,Madagascar,83.2,MDG
2012,Madagascar,82.5,MDG
2013,Madagascar,82.7,MDG
2014,Madagascar,83.1,MDG
2015,Madagascar,83.6,MDG
2016,Madagascar,84.2,MDG
2017,Madagascar,84.0,MDG
2018,Madagascar,83.57162962089447,MDG
2019,Madagascar,80.9,MDG
2020,Madagascar,79.53029880171496,MDG
2021,Madagascar,79.49999999999999,MDG
2006,Malawi,89.8,MWI
2007,Malawi,92.2,MWI
2008,Malawi,92.9,MWI
2009,Malawi,93.8,MWI
2010,Malawi,93.6,MWI
2011,Malawi,91.2,MWI
2012,Malawi,88.8,MWI
2013,Malawi,89.2,MWI
2014,Malawi,89.1,MWI
2015,Malawi,86.9,MWI
2016,Malawi,87.6,MWI
2017,Malawi,88.0,MWI
2018,Malawi,85.48762156104438,MWI
2019,Malawi,83.3,MWI
2020,Malawi,84.01636088313059,MWI
2021,Malawi,83.2,MWI
2006,Malaysia,66.1,MYS
2007,Malaysia,65.9,MYS
2008,Malaysia,67.2,MYS
2009,Malaysia,68.9,MYS
2010,Malaysia,69.2,MYS
2011,Malaysia,68.7,MYS
2012,Malaysia,68.5,MYS
2013,Malaysia,66.1,MYS
2014,Malaysia,66.2,MYS
2015,Malaysia,65.9,MYS
2016,Malaysia,66.1,MYS
2017,Malaysia,65.4,MYS
2018,Malaysia,63.59483707832034,MYS
2019,Malaysia,60.5,MYS
2020,Malaysia,57.561895525091394,MYS
2021,Malaysia,56.89999999999999,MYS
2006,Maldives,81.1,MDV
2007,Maldives,81.1,MDV
2008,Maldives,80.4,MDV
2009,Maldives,78.8,MDV
2010,Maldives,78.3,MDV
2011,Maldives,75.6,MDV
2012,Maldives,75.1,MDV
2013,Maldives,75.4,MDV
2014,Maldives,75.4,MDV
2015,Maldives,74.3,MDV
2016,Maldives,74.0,MDV
2017,Maldives,74.4,MDV
2018,Maldives,72.4,MDV
2019,Maldives,69.8,MDV
2020,Maldives,66.2,MDV
2021,Maldives,67.6,MDV
2006,Mali,74.6,MLI
2007,Mali,75.5,MLI
2008,Mali,75.6,MLI
2009,Mali,78.7,MLI
2010,Mali,79.3,MLI
2011,Mali,79.3,MLI
2012,Mali,77.9,MLI
2013,Mali,89.3,MLI
2014,Mali,89.8,MLI
2015,Mali,92.9,MLI
2016,Mali,95.2,MLI
2017,Mali,92.9,MLI
2018,Mali,93.58132105894023,MLI
2019,Mali,94.5,MLI
2020,Mali,96.04331296449108,MLI
2021,Mali,96.6,MLI
2006,Malta,48.5,MLT
2007,Malta,48.5,MLT
2008,Malta,48.3,MLT
2009,Malta,48.8,MLT
2010,Malta,48.2,MLT
2011,Malta,45.4,MLT
2012,Malta,43.8,MLT
2013,Malta,42.4,MLT
2014,Malta,43.0,MLT
2015,Malta,40.9,MLT
2016,Malta,39.6,MLT
2017,Malta,38.6,MLT
2018,Malta,36.2062447804085,MLT
2019,Malta,34.5,MLT
2020,Malta,33.593645802064856,MLT
2021,Malta,36.2,MLT
2006,Mauritania,87.8,MRT
2007,Mauritania,86.7,MRT
2008,Mauritania,86.1,MRT
2009,Mauritania,88.7,MRT
2010,Mauritania,89.1,MRT
2011,Mauritania,88.0,MRT
2012,Mauritania,87.6,MRT
2013,Mauritania,91.7,MRT
2014,Mauritania,93.0,MRT
2015,Mauritania,94.9,MRT
2016,Mauritania,95.4,MRT
2017,Mauritania,93.7,MRT
2018,Mauritania,92.15282858350264,MRT
2019,Mauritania,90.1,MRT
2020,Mauritania,88.74246859603146,MRT
2021,Mauritania,89.10000000000001,MRT
2006,Mauritius,41.9,MUS
2007,Mauritius,42.7,MUS
2008,Mauritius,42.4,MUS
2009,Mauritius,44.7,MUS
2010,Mauritius,44.4,MUS
2011,Mauritius,44.2,MUS
2012,Mauritius,44.7,MUS
2013,Mauritius,44.5,MUS
2014,Mauritius,46.1,MUS
2015,Mauritius,45.2,MUS
2016,Mauritius,43.2,MUS
2017,Mauritius,41.7,MUS
2018,Mauritius,40.49020053885572,MUS
2019,Mauritius,38.9,MUS
2020,Mauritius,37.18472003299283,MUS
2021,Mauritius,38.10000000000001,MUS
2006,Mexico,73.1,MEX
2007,Mexico,72.6,MEX
2008,Mexico,72.2,MEX
2009,Mexico,75.4,MEX
2010,Mexico,76.1,MEX
2011,Mexico,75.1,MEX
2012,Mexico,73.6,MEX
2013,Mexico,73.1,MEX
2014,Mexico,71.1,MEX
2015,Mexico,71.9,MEX
2016,Mexico,70.4,MEX
2017,Mexico,74.3,MEX
2018,Mexico,71.5181435915789,MEX
2019,Mexico,69.7,MEX
2020,Mexico,67.19999999999999,MEX
2021,Mexico,69.89999999999999,MEX
2006,Micronesia,73.5,FSM
2007,Micronesia,73.5,FSM
2008,Micronesia,74.0,FSM
2009,Micronesia,71.9,FSM
2010,Micronesia,70.6,FSM
2011,Micronesia,71.9,FSM
2012,Micronesia,71.9,FSM
2013,Micronesia,72.9,FSM
2014,Micronesia,74.6,FSM
2015,Micronesia,73.5,FSM
2016,Micronesia,77.1,FSM
2017,Micronesia,76.4,FSM
2018,Micronesia,74.4370879237946,FSM
2019,Micronesia,73.0,FSM
2020,Micronesia,71.23563007855653,FSM
2021,Micronesia,71.7,FSM
2006,Moldova,82.5,MDA
2007,Moldova,85.7,MDA
2008,Moldova,85.7,MDA
2009,Moldova,85.1,MDA
2010,Moldova,83.8,MDA
2011,Moldova,81.2,MDA
2012,Moldova,78.7,MDA
2013,Moldova,76.5,MDA
2014,Moldova,75.1,MDA
2015,Moldova,73.0,MDA
2016,Moldova,73.2,MDA
2017,Moldova,72.0,MDA
2018,Moldova,69.54603613998039,MDA
2019,Moldova,67.1,MDA
2020,Moldova,65.97954327737929,MDA
2021,Moldova,67.0,MDA
2006,Mongolia,58.4,MNG
2007,Mongolia,58.4,MNG
2008,Mongolia,57.8,MNG
2009,Mongolia,61.9,MNG
2010,Mongolia,60.1,MNG
2011,Mongolia,59.6,MNG
2012,Mongolia,58.7,MNG
2013,Mongolia,57.8,MNG
2014,Mongolia,58.1,MNG
2015,Mongolia,57.0,MNG
2016,Mongolia,56.6,MNG
2017,Mongolia,56.7,MNG
2018,Mongolia,54.87347128912537,MNG
2019,Mongolia,54.1,MNG
2020,Mongolia,51.93521252189043,MNG
2021,Mongolia,52.3,MNG
2006,Montenegro,55.6,MNE
2007,Montenegro,55.6,MNE
2008,Montenegro,55.8,MNE
2009,Montenegro,58.0,MNE
2010,Montenegro,57.3,MNE
2011,Montenegro,56.3,MNE
2012,Montenegro,55.5,MNE
2013,Montenegro,54.4,MNE
2014,Montenegro,55.7,MNE
2015,Montenegro,54.2,MNE
2016,Montenegro,55.2,MNE
2017,Montenegro,55.7,MNE
2018,Montenegro,55.33841976081583,MNE
2019,Montenegro,55.3,MNE
2020,Montenegro,55.46679468409825,MNE
2021,Montenegro,58.49999999999999,MNE
2006,Morocco,76.5,MAR
2007,Morocco,76.0,MAR
2008,Morocco,75.8,MAR
2009,Morocco,77.1,MAR
2010,Morocco,77.0,MAR
2011,Morocco,76.3,MAR
2012,Morocco,76.1,MAR
2013,Morocco,74.3,MAR
2014,Morocco,74.4,MAR
2015,Morocco,74.6,MAR
2016,Morocco,74.2,MAR
2017,Morocco,74.9,MAR
2018,Morocco,74.00415254787698,MAR
2019,Morocco,73.0,MAR
2020,Morocco,71.22105197870692,MAR
2021,Morocco,71.5,MAR
2006,Mozambique,74.8,MOZ
2007,Mozambique,76.9,MOZ
2008,Mozambique,76.8,MOZ
2009,Mozambique,80.7,MOZ
2010,Mozambique,81.7,MOZ
2011,Mozambique,83.6,MOZ
2012,Mozambique,82.4,MOZ
2013,Mozambique,82.8,MOZ
2014,Mozambique,85.9,MOZ
2015,Mozambique,86.9,MOZ
2016,Mozambique,87.8,MOZ
2017,Mozambique,89.0,MOZ
2018,Mozambique,88.65413449837652,MOZ
2019,Mozambique,88.7,MOZ
2020,Mozambique,91.69371296150742,MOZ
2021,Mozambique,93.9,MOZ
2006,Myanmar,96.5,MMR
2007,Myanmar,97.0,MMR
2008,Myanmar,100.3,MMR
2009,Myanmar,101.5,MMR
2010,Myanmar,99.4,MMR
2011,Myanmar,98.3,MMR
2012,Myanmar,96.2,MMR
2013,Myanmar,94.6,MMR
2014,Myanmar,94.3,MMR
2015,Myanmar,94.7,MMR
2016,Myanmar,96.3,MMR
2017,Myanmar,95.7,MMR
2018,Myanmar,96.09231014136056,MMR
2019,Myanmar,94.3,MMR
2020,Myanmar,94.0,MMR
2021,Myanmar,93.79999999999998,MMR
2006,Namibia,70.7,NAM
2007,Namibia,71.3,NAM
2008,Namibia,72.9,NAM
2009,Namibia,75.6,NAM
2010,Namibia,74.5,NAM
2011,Namibia,71.7,NAM
2012,Namibia,71.0,NAM
2013,Namibia,70.4,NAM
2014,Namibia,71.5,NAM
2015,Namibia,70.8,NAM
2016,Namibia,71.1,NAM
2017,Namibia,70.4,NAM
2018,Namibia,68.81558956891207,NAM
2019,Namibia,66.4,NAM
2020,Namibia,65.09591525499161,NAM
2021,Namibia,64.30000000000001,NAM
2006,Nepal,95.4,NPL
2007,Nepal,93.6,NPL
2008,Nepal,94.2,NPL
2009,Nepal,95.4,NPL
2010,Nepal,95.4,NPL
2011,Nepal,93.7,NPL
2012,Nepal,93.0,NPL
2013,Nepal,91.8,NPL
2014,Nepal,91.0,NPL
2015,Nepal,90.5,NPL
2016,Nepal,91.2,NPL
2017,Nepal,91.0,NPL
2018,Nepal,87.87642693759165,NPL
2019,Nepal,84.7,NPL
2020,Nepal,82.56660214637142,NPL
2021,Nepal,82.2,NPL
2006,Netherlands,28.1,NLD
2007,Netherlands,28.6,NLD
2008,Netherlands,27.3,NLD
2009,Netherlands,27.0,NLD
2010,Netherlands,27.9,NLD
2011,Netherlands,28.3,NLD
2012,Netherlands,28.1,NLD
2013,Netherlands,26.9,NLD
2014,Netherlands,28.6,NLD
2015,Netherlands,26.9,NLD
2016,Netherlands,28.2,NLD
2017,Netherlands,27.4,NLD
2018,Netherlands,26.16998872873363,NLD
2019,Netherlands,24.8,NLD
2020,Netherlands,22.85983518750152,NLD
2021,Netherlands,24.1,NLD
2006,New Zealand,19.4,NZL
2007,New Zealand,20.5,NZL
2008,New Zealand,21.4,NZL
2009,New Zealand,23.3,NZL
2010,New Zealand,23.9,NZL
2011,New Zealand,24.8,NZL
2012,New Zealand,25.6,NZL
2013,New Zealand,22.7,NZL
2014,New Zealand,24.1,NZL
2015,New Zealand,22.6,NZL
2016,New Zealand,21.3,NZL
2017,New Zealand,22.6,NZL
2018,New Zealand,20.888699780987427,NZL
2019,New Zealand,20.1,NZL
2020,New Zealand,17.879896291384675,NZL
2021,New Zealand,18.4,NZL
2006,Nicaragua,82.4,NIC
2007,Nicaragua,80.0,NIC
2008,Nicaragua,81.7,NIC
2009,Nicaragua,82.6,NIC
2010,Nicaragua,82.5,NIC
2011,Nicaragua,81.2,NIC
2012,Nicaragua,79.6,NIC
2013,Nicaragua,79.2,NIC
2014,Nicaragua,78.4,NIC
2015,Nicaragua,79.0,NIC
2016,Nicaragua,79.0,NIC
2017,Nicaragua,77.4,NIC
2018,Nicaragua,75.32932129736191,NIC
2019,Nicaragua,78.1,NIC
2020,Nicaragua,77.07751153310853,NIC
2021,Nicaragua,77.1,NIC
2006,Niger,87.0,NER
2007,Niger,91.2,NER
2008,Niger,94.5,NER
2009,Niger,96.5,NER
2010,Niger,97.8,NER
2011,Niger,99.1,NER
2012,Niger,96.9,NER
2013,Niger,99.0,NER
2014,Niger,97.9,NER
2015,Niger,97.8,NER
2016,Niger,98.4,NER
2017,Niger,97.4,NER
2018,Niger,96.1529034434838,NER
2019,Niger,96.2,NER
2020,Niger,95.31488303494451,NER
2021,Niger,96.0,NER
2006,Nigeria,94.4,NGA
2007,Nigeria,95.6,NGA
2008,Nigeria,95.7,NGA
2009,Nigeria,99.8,NGA
2010,Nigeria,100.2,NGA
2011,Nigeria,99.9,NGA
2012,Nigeria,101.1,NGA
2013,Nigeria,100.7,NGA
2014,Nigeria,99.7,NGA
2015,Nigeria,102.5,NGA
2016,Nigeria,103.5,NGA
2017,Nigeria,101.6,NGA
2018,Nigeria,99.90823160615736,NGA
2019,Nigeria,98.5,NGA
2020,Nigeria,97.2675111298435,NGA
2021,Nigeria,98.0,NGA
2006,North Korea,97.3,PRK
2007,North Korea,97.7,PRK
2008,North Korea,97.7,PRK
2009,North Korea,98.3,PRK
2010,North Korea,97.8,PRK
2011,North Korea,95.6,PRK
2012,North Korea,95.5,PRK
2013,North Korea,95.1,PRK
2014,North Korea,94.0,PRK
2015,North Korea,93.8,PRK
2016,North Korea,93.9,PRK
2017,North Korea,93.3,PRK
2018,North Korea,93.2,PRK
2019,North Korea,92.7,PRK
2020,North Korea,90.21129784524967,PRK
2021,North Korea,89.99999999999999,PRK
2006,Norway,16.8,NOR
2007,Norway,17.1,NOR
2008,Norway,16.8,NOR
2009,Norway,18.3,NOR
2010,Norway,18.7,NOR
2011,Norway,20.4,NOR
2012,Norway,23.9,NOR
2013,Norway,21.5,NOR
2014,Norway,23.0,NOR
2015,Norway,20.9,NOR
2016,Norway,21.2,NOR
2017,Norway,20.5,NOR
2018,Norway,18.25872156828166,NOR
2019,Norway,18.0,NOR
2020,Norway,16.19121048702654,NOR
2021,Norway,16.6,NOR
2006,Oman,43.8,OMN
2007,Oman,45.5,OMN
2008,Oman,47.4,OMN
2009,Oman,47.2,OMN
2010,Oman,48.7,OMN
2011,Oman,49.3,OMN
2012,Oman,51.7,OMN
2013,Oman,52.0,OMN
2014,Oman,53.1,OMN
2015,Oman,52.0,OMN
2016,Oman,51.6,OMN
2017,Oman,52.5,OMN
2018,Oman,52.64980160350626,OMN
2019,Oman,50.0,OMN
2020,Oman,47.99116056937856,OMN
2021,Oman,50.4,OMN
2006,Pakistan,103.1,PAK
2007,Pakistan,100.1,PAK
2008,Pakistan,103.8,PAK
2009,Pakistan,104.1,PAK
2010,Pakistan,102.5,PAK
2011,Pakistan,102.3,PAK
2012,Pakistan,101.6,PAK
2013,Pakistan,102.9,PAK
2014,Pakistan,103.0,PAK
2015,Pakistan,103.0,PAK
2016,Pakistan,101.7,PAK
2017,Pakistan,98.9,PAK
2018,Pakistan,96.33806005544712,PAK
2019,Pakistan,94.2,PAK
2020,Pakistan,92.07809303255932,PAK
2021,Pakistan,90.5,PAK
2006,Panama,59.6,PAN
2007,Panama,59.4,PAN
2008,Panama,58.6,PAN
2009,Panama,59.7,PAN
2010,Panama,59.3,PAN
2011,Panama,57.8,PAN
2012,Panama,56.1,PAN
2013,Panama,55.8,PAN
2014,Panama,55.7,PAN
2015,Panama,54.6,PAN
2016,Panama,53.2,PAN
2017,Panama,50.7,PAN
2018,Panama,49.48072267554133,PAN
2019,Panama,47.0,PAN
2020,Panama,45.98191488845223,PAN
2021,Panama,48.7,PAN
2006,Papua New Guinea,84.6,PNG
2007,Papua New Guinea,85.1,PNG
2008,Papua New Guinea,84.6,PNG
2009,Papua New Guinea,84.1,PNG
2010,Papua New Guinea,83.9,PNG
2011,Papua New Guinea,84.2,PNG
2012,Papua New Guinea,83.7,PNG
2013,Papua New Guinea,84.9,PNG
2014,Papua New Guinea,84.1,PNG
2015,Papua New Guinea,83.4,PNG
2016,Papua New Guinea,86.2,PNG
2017,Papua New Guinea,86.4,PNG
2018,Papua New Guinea,84.77026579816999,PNG
2019,Papua New Guinea,83.1,PNG
2020,Papua New Guinea,82.29729048388526,PNG
2021,Papua New Guinea,80.89999999999999,PNG
2006,Paraguay,72.0,PRY
2007,Paraguay,72.9,PRY
2008,Paraguay,72.3,PRY
2009,Paraguay,72.0,PRY
2010,Paraguay,72.1,PRY
2011,Paraguay,72.4,PRY
2012,Paraguay,70.9,PRY
2013,Paraguay,71.8,PRY
2014,Paraguay,71.6,PRY
2015,Paraguay,71.3,PRY
2016,Paraguay,72.6,PRY
2017,Paraguay,71.6,PRY
2018,Paraguay,69.75151701076081,PRY
2019,Paraguay,67.0,PRY
2020,Paraguay,65.17819421791758,PRY
2021,Paraguay,66.4,PRY
2006,Peru,79.2,PER
2007,Peru,76.4,PER
2008,Peru,77.5,PER
2009,Peru,77.1,PER
2010,Peru,76.9,PER
2011,Peru,73.6,PER
2012,Peru,73.5,PER
2013,Peru,72.3,PER
2014,Peru,72.9,PER
2015,Peru,72.0,PER
2016,Peru,72.0,PER
2017,Peru,70.3,PER
2018,Peru,70.0729820656276,PER
2019,Peru,68.2,PER
2020,Peru,67.62810848276709,PER
2021,Peru,71.4,PER
2006,Philippines,79.2,PHL
2007,Philippines,83.2,PHL
2008,Philippines,83.4,PHL
2009,Philippines,85.8,PHL
2010,Philippines,87.1,PHL
2011,Philippines,85.0,PHL
2012,Philippines,83.2,PHL
2013,Philippines,82.8,PHL
2014,Philippines,85.3,PHL
2015,Philippines,86.2,PHL
2016,Philippines,84.7,PHL
2017,Philippines,84.4,PHL
2018,Philippines,85.49988187329669,PHL
2019,Philippines,83.1,PHL
2020,Philippines,80.99999999999999,PHL
2021,Philippines,82.39999999999999,PHL
2006,Poland,47.9,POL
2007,Poland,47.6,POL
2008,Poland,47.6,POL
2009,Poland,49.6,POL
2010,Poland,49.0,POL
2011,Poland,46.8,POL
2012,Poland,44.3,POL
2013,Poland,40.9,POL
2014,Poland,42.1,POL
2015,Poland,39.8,POL
2016,Poland,40.7,POL
2017,Poland,40.8,POL
2018,Poland,41.46116976149038,POL
2019,Poland,42.8,POL
2020,Poland,41.02873391869986,POL
2021,Poland,43.1,POL
2006,Portugal,32.7,PRT
2007,Portugal,32.4,PRT
2008,Portugal,31.8,PRT
2009,Portugal,32.7,PRT
2010,Portugal,33.1,PRT
2011,Portugal,32.3,PRT
2012,Portugal,34.2,PRT
2013,Portugal,32.6,PRT
2014,Portugal,33.1,PRT
2015,Portugal,29.7,PRT
2016,Portugal,29.2,PRT
2017,Portugal,29.0,PRT
2018,Portugal,27.27345053662528,PRT
2019,Portugal,25.3,PRT
2020,Portugal,23.51466331089092,PRT
2021,Portugal,26.8,PRT
2006,Qatar,53.6,QAT
2007,Qatar,53.6,QAT
2008,Qatar,52.7,QAT
2009,Qatar,51.9,QAT
2010,Qatar,51.8,QAT
2011,Qatar,49.5,QAT
2012,Qatar,48.0,QAT
2013,Qatar,47.1,QAT
2014,Qatar,48.9,QAT
2015,Qatar,46.3,QAT
2016,Qatar,45.1,QAT
2017,Qatar,44.0,QAT
2018,Qatar,48.06415433835673,QAT
2019,Qatar,45.4,QAT
2020,Qatar,43.73987834909789,QAT
2021,Qatar,44.1,QAT
2006,Romania,62.6,ROM
2007,Romania,60.9,ROM
2008,Romania,59.9,ROM
2009,Romania,61.3,ROM
2010,Romania,60.2,ROM
2011,Romania,59.8,ROM
2012,Romania,59.5,ROM
2013,Romania,57.4,ROM
2014,Romania,56.9,ROM
2015,Romania,54.2,ROM
2016,Romania,52.9,ROM
2017,Romania,50.9,ROM
2018,Romania,49.36140868153144,ROM
2019,Romania,47.8,ROM
2020,Romania,46.65460149468231,ROM
2021,Romania,51.0,ROM
2006,Russia,87.1,RUS
2007,Russia,81.2,RUS
2008,Russia,79.7,RUS
2009,Russia,80.8,RUS
2010,Russia,79.0,RUS
2011,Russia,77.7,RUS
2012,Russia,77.1,RUS
2013,Russia,77.1,RUS
2014,Russia,76.5,RUS
2015,Russia,80.0,RUS
2016,Russia,81.0,RUS
2017,Russia,79.2,RUS
2018,Russia,77.16545659420007,RUS
2019,Russia,74.7,RUS
2020,Russia,72.55858319621083,RUS
2021,Russia,73.59999999999998,RUS
2006,Rwanda,92.9,RWA
2007,Rwanda,89.2,RWA
2008,Rwanda,88.0,RWA
2009,Rwanda,89.0,RWA
2010,Rwanda,88.7,RWA
2011,Rwanda,91.0,RWA
2012,Rwanda,89.3,RWA
2013,Rwanda,89.3,RWA
2014,Rwanda,90.5,RWA
2015,Rwanda,90.2,RWA
2016,Rwanda,91.3,RWA
2017,Rwanda,90.8,RWA
2018,Rwanda,89.28772432240727,RWA
2019,Rwanda,87.5,RWA
2020,Rwanda,86.02952230051775,RWA
2021,Rwanda,84.99999999999999,RWA
2006,Samoa,73.8,WSM
2007,Samoa,73.8,WSM
2008,Samoa,72.4,WSM
2009,Samoa,71.4,WSM
2010,Samoa,71.1,WSM
2011,Samoa,69.5,WSM
2012,Samoa,68.5,WSM
2013,Samoa,68.7,WSM
2014,Samoa,69.3,WSM
2015,Samoa,68.2,WSM
2016,Samoa,67.6,WSM
2017,Samoa,67.1,WSM
2018,Samoa,65.53086971578227,WSM
2019,Samoa,64.2,WSM
2020,Samoa,63.2966485589962,WSM
2021,Samoa,64.2,WSM
2006,Sao Tome and Principe,78.6,STP
2007,Sao Tome and Principe,78.6,STP
2008,Sao Tome and Principe,78.3,STP
2009,Sao Tome and Principe,76.7,STP
2010,Sao Tome and Principe,75.8,STP
2011,Sao Tome and Principe,74.5,STP
2012,Sao Tome and Principe,73.9,STP
2013,Sao Tome and Principe,74.6,STP
2014,Sao Tome and Principe,75.8,STP
2015,Sao Tome and Principe,73.7,STP
2016,Sao Tome and Principe,72.9,STP
2017,Sao Tome and Principe,72.1,STP
2018,Sao Tome and Principe,72.1307816493097,STP
2019,Sao Tome and Principe,71.1,STP
2020,Sao Tome and Principe,70.28190046461518,STP
2021,Sao Tome and Principe,71.5,STP
2006,Saudi Arabia,77.2,SAU
2007,Saudi Arabia,76.5,SAU
2008,Saudi Arabia,76.9,SAU
2009,Saudi Arabia,77.5,SAU
2010,Saudi Arabia,77.5,SAU
2011,Saudi Arabia,75.2,SAU
2012,Saudi Arabia,73.4,SAU
2013,Saudi Arabia,72.7,SAU
2014,Saudi Arabia,73.1,SAU
2015,Saudi Arabia,71.6,SAU
2016,Saudi Arabia,72.2,SAU
2017,Saudi Arabia,71.2,SAU
2018,Saudi Arabia,70.23498732317032,SAU
2019,Saudi Arabia,70.4,SAU
2020,Saudi Arabia,68.80000000000001,SAU
2021,Saudi Arabia,69.7,SAU
2006,Senegal,66.1,SEN
2007,Senegal,66.9,SEN
2008,Senegal,70.9,SEN
2009,Senegal,74.2,SEN
2010,Senegal,74.6,SEN
2011,Senegal,76.8,SEN
2012,Senegal,79.3,SEN
2013,Senegal,81.4,SEN
2014,Senegal,82.8,SEN
2015,Senegal,82.9,SEN
2016,Senegal,83.6,SEN
2017,Senegal,82.3,SEN
2018,Senegal,79.62828847155544,SEN
2019,Senegal,77.2,SEN
2020,Senegal,74.5646477541905,SEN
2021,Senegal,73.39999999999999,SEN
2006,Serbia,83.8,SRB
2007,Serbia,81.1,SRB
2008,Serbia,80.1,SRB
2009,Serbia,79.2,SRB
2010,Serbia,77.8,SRB
2011,Serbia,74.4,SRB
2012,Serbia,75.0,SRB
2013,Serbia,74.4,SRB
2014,Serbia,72.0,SRB
2015,Serbia,73.8,SRB
2016,Serbia,72.0,SRB
2017,Serbia,70.0,SRB
2018,Serbia,68.0600623653456,SRB
2019,Serbia,68.0,SRB
2020,Serbia,66.11626143786188,SRB
2021,Serbia,67.4,SRB
2006,Seychelles,71.3,SYC
2007,Seychelles,71.3,SYC
2008,Seychelles,69.5,SYC
2009,Seychelles,67.7,SYC
2010,Seychelles,67.9,SYC
2011,Seychelles,67.0,SYC
2012,Seychelles,65.1,SYC
2013,Seychelles,64.0,SYC
2014,Seychelles,63.7,SYC
2015,Seychelles,62.1,SYC
2016,Seychelles,60.2,SYC
2017,Seychelles,59.4,SYC
2018,Seychelles,56.754155689071474,SYC
2019,Seychelles,55.2,SYC
2020,Seychelles,54.6754977355289,SYC
2021,Seychelles,56.3,SYC
2006,Sierra Leone,96.6,SLE
2007,Sierra Leone,93.4,SLE
2008,Sierra Leone,92.3,SLE
2009,Sierra Leone,92.1,SLE
2010,Sierra Leone,93.6,SLE
2011,Sierra Leone,92.1,SLE
2012,Sierra Leone,90.4,SLE
2013,Sierra Leone,91.2,SLE
2014,Sierra Leone,89.9,SLE
2015,Sierra Leone,91.9,SLE
2016,Sierra Leone,91.0,SLE
2017,Sierra Leone,89.3,SLE
2018,Sierra Leone,89.08699644672271,SLE
2019,Sierra Leone,86.8,SLE
2020,Sierra Leone,84.35580251344358,SLE
2021,Sierra Leone,83.4,SLE
2006,Singapore,30.8,SGP
2007,Singapore,33.0,SGP
2008,Singapore,33.3,SGP
2009,Singapore,33.8,SGP
2010,Singapore,34.8,SGP
2011,Singapore,35.1,SGP
2012,Singapore,35.6,SGP
2013,Singapore,34.0,SGP
2014,Singapore,35.9,SGP
2015,Singapore,34.4,SGP
2016,Singapore,32.9,SGP
2017,Singapore,32.5,SGP
2018,Singapore,30.421202731235,SGP
2019,Singapore,28.1,SGP
2020,Singapore,26.3261946557654,SGP
2021,Singapore,26.6,SGP
2006,Slovak Republic,49.9,SVK
2007,Slovak Republic,49.3,SVK
2008,Slovak Republic,48.8,SVK
2009,Slovak Republic,48.6,SVK
2010,Slovak Republic,48.8,SVK
2011,Slovak Republic,47.1,SVK
2012,Slovak Republic,47.4,SVK
2013,Slovak Republic,45.3,SVK
2014,Slovak Republic,45.3,SVK
2015,Slovak Republic,42.6,SVK
2016,Slovak Republic,44.9,SVK
2017,Slovak Republic,44.3,SVK
2018,Slovak Republic,42.47488888000861,SVK
2019,Slovak Republic,40.5,SVK
2020,Slovak Republic,38.22181460375541,SVK
2021,Slovak Republic,38.22181460375541,SVK
2006,Slovenia,36.8,SVN
2007,Slovenia,37.5,SVN
2008,Slovenia,37.1,SVN
2009,Slovenia,36.3,SVN
2010,Slovenia,36.0,SVN
2011,Slovenia,35.5,SVN
2012,Slovenia,34.0,SVN
2013,Slovenia,32.3,SVN
2014,Slovenia,32.6,SVN
2015,Slovenia,31.5,SVN
2016,Slovenia,33.9,SVN
2017,Slovenia,32.4,SVN
2018,Slovenia,30.33350186495465,SVN
2019,Slovenia,28.0,SVN
2020,Slovenia,25.84648022438141,SVN
2021,Slovenia,28.2,SVN
2006,Solomon Islands,92.0,SLB
2007,Solomon Islands,92.0,SLB
2008,Solomon Islands,92.4,SLB
2009,Solomon Islands,89.6,SLB
2010,Solomon Islands,88.6,SLB
2011,Solomon Islands,85.9,SLB
2012,Solomon Islands,85.6,SLB
2013,Solomon Islands,85.2,SLB
2014,Solomon Islands,86.4,SLB
2015,Solomon Islands,85.9,SLB
2016,Solomon Islands,85.3,SLB
2017,Solomon Islands,84.8,SLB
2018,Solomon Islands,83.10491831793692,SLB
2019,Solomon Islands,81.9,SLB
2020,Solomon Islands,79.74524648137532,SLB
2021,Solomon Islands,79.30000000000001,SLB
2006,Somalia,105.9,SOM
2007,Somalia,111.1,SOM
2008,Somalia,114.2,SOM
2009,Somalia,114.7,SOM
2010,Somalia,114.3,SOM
2011,Somalia,113.4,SOM
2012,Somalia,114.9,SOM
2013,Somalia,113.9,SOM
2014,Somalia,112.6,SOM
2015,Somalia,114.0,SOM
2016,Somalia,114.0,SOM
2017,Somalia,113.4,SOM
2018,Somalia,113.20079608219343,SOM
2019,Somalia,112.3,SOM
2020,Somalia,110.88895932474604,SOM
2021,Somalia,110.9,SOM
2006,South Africa,55.7,ZAF
2007,South Africa,57.4,ZAF
2008,South Africa,62.7,ZAF
2009,South Africa,67.4,ZAF
2010,South Africa,67.9,ZAF
2011,South Africa,67.6,ZAF
2012,South Africa,66.8,ZAF
2013,South Africa,67.6,ZAF
2014,South Africa,66.6,ZAF
2015,South Africa,67.0,ZAF
2016,South Africa,69.9,ZAF
2017,South Africa,72.3,ZAF
2018,South Africa,72.89999999999999,ZAF
2019,South Africa,71.1,ZAF
2020,South Africa,70.1072430706828,ZAF
2021,South Africa,70.0,ZAF
2006,South Korea,39.9,KOR
2007,South Korea,39.7,KOR
2008,South Korea,40.6,KOR
2009,South Korea,41.6,KOR
2010,South Korea,41.3,KOR
2011,South Korea,38.8,KOR
2012,South Korea,37.6,KOR
2013,South Korea,35.4,KOR
2014,South Korea,36.4,KOR
2015,South Korea,36.3,KOR
2016,South Korea,36.1,KOR
2017,South Korea,38.1,KOR
2018,South Korea,35.73391458947191,KOR
2019,South Korea,33.7,KOR
2020,South Korea,32.01527342958986,KOR
2021,South Korea,32.50000000000001,KOR
2006,Spain,37.4,ESP
2007,Spain,39.2,ESP
2008,Spain,41.6,ESP
2009,Spain,43.3,ESP
2010,Spain,43.5,ESP
2011,Spain,43.1,ESP
2012,Spain,42.8,ESP
2013,Spain,44.4,ESP
2014,Spain,43.1,ESP
2015,Spain,40.9,ESP
2016,Spain,39.8,ESP
2017,Spain,37.9,ESP
2018,Spain,41.38298112031969,ESP
2019,Spain,40.7,ESP
2020,Spain,40.35163335620069,ESP
2021,Spain,44.8,ESP
2006,Sri Lanka,92.4,LKA
2007,Sri Lanka,93.1,LKA
2008,Sri Lanka,95.6,LKA
2009,Sri Lanka,96.7,LKA
2010,Sri Lanka,95.7,LKA
2011,Sri Lanka,93.1,LKA
2012,Sri Lanka,92.2,LKA
2013,Sri Lanka,92.9,LKA
2014,Sri Lanka,92.6,LKA
2015,Sri Lanka,90.7,LKA
2016,Sri Lanka,87.7,LKA
2017,Sri Lanka,86.6,LKA
2018,Sri Lanka,84.89668808927048,LKA
2019,Sri Lanka,84.0,LKA
2020,Sri Lanka,81.8,LKA
2021,Sri Lanka,80.50000000000001,LKA
2006,Sudan,112.3,SDN
2007,Sudan,113.7,SDN
2008,Sudan,113.0,SDN
2009,Sudan,112.4,SDN
2010,Sudan,111.8,SDN
2011,Sudan,108.7,SDN
2012,Sudan,109.4,SDN
2013,Sudan,111.0,SDN
2014,Sudan,110.1,SDN
2015,Sudan,110.8,SDN
2016,Sudan,111.5,SDN
2017,Sudan,110.6,SDN
2018,Sudan,108.66319439644046,SDN
2019,Sudan,108.0,SDN
2020,Sudan,104.76588517295876,SDN
2021,Sudan,105.2,SDN
2006,Suriname,73.9,SUR
2007,Suriname,73.9,SUR
2008,Suriname,72.4,SUR
2009,Suriname,73.2,SUR
2010,Suriname,72.5,SUR
2011,Suriname,71.1,SUR
2012,Suriname,71.2,SUR
2013,Suriname,71.2,SUR
2014,Suriname,70.6,SUR
2015,Suriname,68.4,SUR
2016,Suriname,66.7,SUR
2017,Suriname,65.9,SUR
2018,Suriname,64.01235952203785,SUR
2019,Suriname,61.9,SUR
2020,Suriname,60.12230683109472,SUR
2021,Suriname,61.50000000000001,SUR
2006,Swaziland,81.3,SWZ
2007,Swaziland,81.3,SWZ
2008,Swaziland,80.0,SWZ
2009,Swaziland,82.4,SWZ
2010,Swaziland,82.8,SWZ
2011,Swaziland,82.5,SWZ
2012,Swaziland,83.5,SWZ
2013,Swaziland,85.6,SWZ
2014,Swaziland,85.8,SWZ
2015,Swaziland,86.2,SWZ
2016,Swaziland,87.6,SWZ
2017,Swaziland,88.8,SWZ
2018,Swaziland,87.54065035971811,SWZ
2019,Swaziland,85.27032517985906,SWZ
2020,Swaziland,83.0,SWZ
2021,Swaziland,83.0,SWZ
2006,Sweden,18.2,SWE
2007,Sweden,19.3,SWE
2008,Sweden,19.8,SWE
2009,Sweden,20.6,SWE
2010,Sweden,20.9,SWE
2011,Sweden,22.8,SWE
2012,Sweden,21.3,SWE
2013,Sweden,19.7,SWE
2014,Sweden,21.4,SWE
2015,Sweden,20.2,SWE
2016,Sweden,22.6,SWE
2017,Sweden,22.1,SWE
2018,Sweden,20.818812325589526,SWE
2019,Sweden,20.3,SWE
2020,Sweden,18.20920194989516,SWE
2021,Sweden,21.4,SWE
2006,Switzerland,18.7,CHE
2007,Switzerland,20.2,CHE
2008,Switzerland,20.3,CHE
2009,Switzerland,21.2,CHE
2010,Switzerland,21.8,CHE
2011,Switzerland,23.2,CHE
2012,Switzerland,23.3,CHE
2013,Switzerland,21.5,CHE
2014,Switzerland,23.3,CHE
2015,Switzerland,22.3,CHE
2016,Switzerland,21.8,CHE
2017,Switzerland,21.1,CHE
2018,Switzerland,19.20952631375106,CHE
2019,Switzerland,18.7,CHE
2020,Switzerland,17.094085702623488,CHE
2021,Switzerland,19.9,CHE
2006,Syria,88.6,SYR
2007,Syria,88.6,SYR
2008,Syria,90.1,SYR
2009,Syria,89.8,SYR
2010,Syria,87.9,SYR
2011,Syria,85.9,SYR
2012,Syria,94.5,SYR
2013,Syria,97.4,SYR
2014,Syria,101.6,SYR
2015,Syria,107.8,SYR
2016,Syria,110.8,SYR
2017,Syria,110.6,SYR
2018,Syria,111.39303110352296,SYR
2019,Syria,111.5,SYR
2020,Syria,110.74969653593256,SYR
2021,Syria,110.7,SYR
2006,Tajikistan,87.7,TJK
2007,Tajikistan,88.7,TJK
2008,Tajikistan,88.9,TJK
2009,Tajikistan,90.3,TJK
2010,Tajikistan,89.2,TJK
2011,Tajikistan,88.3,TJK
2012,Tajikistan,85.7,TJK
2013,Tajikistan,85.2,TJK
2014,Tajikistan,84.6,TJK
2015,Tajikistan,83.4,TJK
2016,Tajikistan,83.8,TJK
2017,Tajikistan,81.8,TJK
2018,Tajikistan,79.5020376295363,TJK
2019,Tajikistan,77.7,TJK
2020,Tajikistan,75.50515391672525,TJK
2021,Tajikistan,75.1,TJK
2006,Tanzania,78.3,TZA
2007,Tanzania,79.3,TZA
2008,Tanzania,79.1,TZA
2009,Tanzania,81.1,TZA
2010,Tanzania,81.2,TZA
2011,Tanzania,81.3,TZA
2012,Tanzania,80.4,TZA
2013,Tanzania,81.1,TZA
2014,Tanzania,80.8,TZA
2015,Tanzania,80.8,TZA
2016,Tanzania,81.8,TZA
2017,Tanzania,80.3,TZA
2018,Tanzania,79.38569084972285,TZA
2019,Tanzania,80.1,TZA
2020,Tanzania,78.14413662466475,TZA
2021,Tanzania,79.3,TZA
2006,Thailand,74.9,THA
2007,Thailand,76.0,THA
2008,Thailand,75.6,THA
2009,Thailand,79.2,THA
2010,Thailand,78.8,THA
2011,Thailand,78.3,THA
2012,Thailand,77.0,THA
2013,Thailand,75.1,THA
2014,Thailand,77.0,THA
2015,Thailand,79.1,THA
2016,Thailand,78.8,THA
2017,Thailand,76.2,THA
2018,Thailand,74.98003133114115,THA
2019,Thailand,73.1,THA
2020,Thailand,70.81357974524154,THA
2021,Thailand,70.89999999999999,THA
2006,Timor-Leste,94.9,TLS
2007,Timor-Leste,94.9,TLS
2008,Timor-Leste,93.8,TLS
2009,Timor-Leste,97.2,TLS
2010,Timor-Leste,98.2,TLS
2011,Timor-Leste,94.9,TLS
2012,Timor-Leste,92.7,TLS
2013,Timor-Leste,91.5,TLS
2014,Timor-Leste,91.0,TLS
2015,Timor-Leste,90.5,TLS
2016,Timor-Leste,90.8,TLS
2017,Timor-Leste,90.5,TLS
2018,Timor-Leste,88.25683064064846,TLS
2019,Timor-Leste,85.5,TLS
2020,Timor-Leste,82.66311377505994,TLS
2021,Timor-Leste,80.9,TLS
2006,Togo,88.3,TGO
2007,Togo,86.6,TGO
2008,Togo,86.8,TGO
2009,Togo,87.2,TGO
2010,Togo,88.1,TGO
2011,Togo,89.4,TGO
2012,Togo,87.5,TGO
2013,Togo,87.8,TGO
2014,Togo,87.8,TGO
2015,Togo,86.8,TGO
2016,Togo,85.8,TGO
2017,Togo,83.9,TGO
2018,Togo,85.15884542590535,TGO
2019,Togo,87.4,TGO
2020,Togo,85.84143116430509,TGO
2021,Togo,85.1,TGO
2006,Trinidad and Tobago,67.6,TTO
2007,Trinidad and Tobago,67.6,TTO
2008,Trinidad and Tobago,67.0,TTO
2009,Trinidad and Tobago,66.7,TTO
2010,Trinidad and Tobago,66.1,TTO
2011,Trinidad and Tobago,63.7,TTO
2012,Trinidad and Tobago,64.4,TTO
2013,Trinidad and Tobago,62.6,TTO
2014,Trinidad and Tobago,61.3,TTO
2015,Trinidad and Tobago,58.7,TTO
2016,Trinidad and Tobago,57.8,TTO
2017,Trinidad and Tobago,56.7,TTO
2018,Trinidad and Tobago,54.6057398402105,TTO
2019,Trinidad and Tobago,53.0,TTO
2020,Trinidad and Tobago,51.9451410707907,TTO
2021,Trinidad and Tobago,52.9,TTO
2006,Tunisia,65.4,TUN
2007,Tunisia,65.6,TUN
2008,Tunisia,65.6,TUN
2009,Tunisia,67.6,TUN
2010,Tunisia,67.5,TUN
2011,Tunisia,70.1,TUN
2012,Tunisia,74.2,TUN
2013,Tunisia,76.5,TUN
2014,Tunisia,77.5,TUN
2015,Tunisia,75.7,TUN
2016,Tunisia,74.6,TUN
2017,Tunisia,74.2,TUN
2018,Tunisia,72.0706745688338,TUN
2019,Tunisia,70.1,TUN
2020,Tunisia,68.12591302617336,TUN
2021,Tunisia,69.19999999999999,TUN
2006,Turkey,74.4,TUR
2007,Turkey,74.9,TUR
2008,Turkey,75.4,TUR
2009,Turkey,78.2,TUR
2010,Turkey,77.1,TUR
2011,Turkey,74.9,TUR
2012,Turkey,76.6,TUR
2013,Turkey,75.9,TUR
2014,Turkey,74.1,TUR
2015,Turkey,74.6,TUR
2016,Turkey,77.3,TUR
2017,Turkey,80.8,TUR
2018,Turkey,82.21903599918711,TUR
2019,Turkey,80.3,TUR
2020,Turkey,79.14739400388918,TUR
2021,Turkey,79.7,TUR
2006,Turkmenistan,86.1,TKM
2007,Turkmenistan,87.5,TKM
2008,Turkmenistan,86.2,TKM
2009,Turkmenistan,84.3,TKM
2010,Turkmenistan,82.5,TKM
2011,Turkmenistan,79.7,TKM
2012,Turkmenistan,77.4,TKM
2013,Turkmenistan,76.7,TKM
2014,Turkmenistan,78.2,TKM
2015,Turkmenistan,77.4,TKM
2016,Turkmenistan,76.0,TKM
2017,Turkmenistan,74.4,TKM
2018,Turkmenistan,72.62111503765558,TKM
2019,Turkmenistan,71.4,TKM
2020,Turkmenistan,69.05814193586684,TKM
2021,Turkmenistan,68.20000000000002,TKM
2006,Uganda,94.5,UGA
2007,Uganda,96.4,UGA
2008,Uganda,96.1,UGA
2009,Uganda,96.9,UGA
2010,Uganda,97.5,UGA
2011,Uganda,96.3,UGA
2012,Uganda,96.5,UGA
2013,Uganda,96.6,UGA
2014,Uganda,96.0,UGA
2015,Uganda,97.0,UGA
2016,Uganda,97.7,UGA
2017,Uganda,96.0,UGA
2018,Uganda,95.14379555232746,UGA
2019,Uganda,95.3,UGA
2020,Uganda,92.7703684743757,UGA
2021,Uganda,92.9,UGA
2006,Ukraine,72.9,UKR
2007,Ukraine,71.4,UKR
2008,Ukraine,70.8,UKR
2009,Ukraine,69.7,UKR
2010,Ukraine,69.5,UKR
2011,Ukraine,69.0,UKR
2012,Ukraine,67.2,UKR
2013,Ukraine,65.9,UKR
2014,Ukraine,67.2,UKR
2015,Ukraine,76.3,UKR
2016,Ukraine,75.5,UKR
2017,Ukraine,74.0,UKR
2018,Ukraine,72.56161244731106,UKR
2019,Ukraine,71.0,UKR
2020,Ukraine,69.00704175599185,UKR
2021,Ukraine,69.8,UKR
2006,United Arab Emirates,51.6,ARE
2007,United Arab Emirates,51.6,ARE
2008,United Arab Emirates,51.2,ARE
2009,United Arab Emirates,51.8,ARE
2010,United Arab Emirates,52.4,ARE
2011,United Arab Emirates,50.4,ARE
2012,United Arab Emirates,48.9,ARE
2013,United Arab Emirates,47.3,ARE
2014,United Arab Emirates,47.6,ARE
2015,United Arab Emirates,46.2,ARE
2016,United Arab Emirates,44.5,ARE
2017,United Arab Emirates,43.7,ARE
2018,United Arab Emirates,42.8292445126518,ARE
2019,United Arab Emirates,40.1,ARE
2020,United Arab Emirates,38.0992251160362,ARE
2021,United Arab Emirates,40.29999999999999,ARE
2006,United Kingdom,34.2,GBR
2007,United Kingdom,34.1,GBR
2008,United Kingdom,32.9,GBR
2009,United Kingdom,33.6,GBR
2010,United Kingdom,33.9,GBR
2011,United Kingdom,34.1,GBR
2012,United Kingdom,35.3,GBR
2013,United Kingdom,33.2,GBR
2014,United Kingdom,34.3,GBR
2015,United Kingdom,33.4,GBR
2016,United Kingdom,32.4,GBR
2017,United Kingdom,33.2,GBR
2018,United Kingdom,34.29882224337588,GBR
2019,United Kingdom,36.7,GBR
2020,United Kingdom,38.2604753610204,GBR
2021,United Kingdom,41.50000000000001,GBR
2006,United States,34.5,USA
2007,United States,33.6,USA
2008,United States,32.8,USA
2009,United States,34.0,USA
2010,United States,35.3,USA
2011,United States,34.8,USA
2012,United States,34.8,USA
2013,United States,33.5,USA
2014,United States,35.4,USA
2015,United States,35.4,USA
2016,United States,34.0,USA
2017,United States,35.6,USA
2018,United States,37.7,USA
2019,United States,38.0,USA
2020,United States,38.27275827818653,USA
2021,United States,44.6,USA
2006,Uruguay,41.2,URY
2007,Uruguay,40.9,URY
2008,Uruguay,41.4,URY
2009,Uruguay,41.2,URY
2010,Uruguay,41.3,URY
2011,Uruguay,40.4,URY
2012,Uruguay,40.5,URY
2013,Uruguay,38.4,URY
2014,Uruguay,37.9,URY
2015,Uruguay,36.4,URY
2016,Uruguay,36.2,URY
2017,Uruguay,36.8,URY
2018,Uruguay,35.444748420198586,URY
2019,Uruguay,34.0,URY
2020,Uruguay,33.405777354578404,URY
2021,Uruguay,35.900000000000006,URY
2006,Uzbekistan,94.4,UZB
2007,Uzbekistan,93.5,UZB
2008,Uzbekistan,93.4,UZB
2009,Uzbekistan,92.8,UZB
2010,Uzbekistan,90.5,UZB
2011,Uzbekistan,88.3,UZB
2012,Uzbekistan,87.5,UZB
2013,Uzbekistan,86.9,UZB
2014,Uzbekistan,86.3,UZB
2015,Uzbekistan,85.3,UZB
2016,Uzbekistan,83.5,UZB
2017,Uzbekistan,81.5,UZB
2018,Uzbekistan,79.1,UZB
2019,Uzbekistan,75.7,UZB
2020,Uzbekistan,73.10388718030978,UZB
2021,Uzbekistan,72.00000000000001,UZB
2006,Venezuela,81.2,VEN
2007,Venezuela,79.8,VEN
2008,Venezuela,77.9,VEN
2009,Venezuela,79.5,VEN
2010,Venezuela,78.7,VEN
2011,Venezuela,78.2,VEN
2012,Venezuela,77.3,VEN
2013,Venezuela,75.3,VEN
2014,Venezuela,76.7,VEN
2015,Venezuela,78.7,VEN
2016,Venezuela,81.6,VEN
2017,Venezuela,82.9,VEN
2018,Venezuela,86.20692501836953,VEN
2019,Venezuela,89.3,VEN
2020,Venezuela,91.15759122974583,VEN
2021,Venezuela,92.6,VEN
2006,Vietnam,78.6,VNM
2007,Vietnam,77.8,VNM
2008,Vietnam,74.6,VNM
2009,Vietnam,76.9,VNM
2010,Vietnam,76.6,VNM
2011,Vietnam,76.1,VNM
2012,Vietnam,74.0,VNM
2013,Vietnam,73.1,VNM
2014,Vietnam,72.7,VNM
2015,Vietnam,72.4,VNM
2016,Vietnam,70.7,VNM
2017,Vietnam,70.2,VNM
2018,Vietnam,68.39565234056963,VNM
2019,Vietnam,66.1,VNM
2020,Vietnam,63.885397212926094,VNM
2021,Vietnam,63.29999999999999,VNM
2006,Yemen,96.6,YEM
2007,Yemen,93.2,YEM
2008,Yemen,95.4,YEM
2009,Yemen,98.1,YEM
2010,Yemen,100.0,YEM
2011,Yemen,100.3,YEM
2012,Yemen,104.8,YEM
2013,Yemen,107.0,YEM
2014,Yemen,105.4,YEM
2015,Yemen,108.2,YEM
2016,Yemen,111.5,YEM
2017,Yemen,111.1,YEM
2018,Yemen,112.6715037597987,YEM
2019,Yemen,113.5,YEM
2020,Yemen,112.43869382016284,YEM
2021,Yemen,111.7,YEM
2006,Zambia,79.6,ZMB
2007,Zambia,80.6,ZMB
2008,Zambia,81.6,ZMB
2009,Zambia,84.2,ZMB
2010,Zambia,83.9,ZMB
2011,Zambia,83.8,ZMB
2012,Zambia,85.9,ZMB
2013,Zambia,86.6,ZMB
2014,Zambia,86.2,ZMB
2015,Zambia,85.1,ZMB
2016,Zambia,86.3,ZMB
2017,Zambia,87.8,ZMB
2018,Zambia,87.22404970609999,ZMB
2019,Zambia,85.7,ZMB
2020,Zambia,84.47412891194057,ZMB
2021,Zambia,84.89999999999999,ZMB
2006,Zimbabwe,108.9,ZWE
2007,Zimbabwe,110.1,ZWE
2008,Zimbabwe,112.5,ZWE
2009,Zimbabwe,114.0,ZWE
2010,Zimbabwe,110.2,ZWE
2011,Zimbabwe,107.9,ZWE
2012,Zimbabwe,106.3,ZWE
2013,Zimbabwe,105.2,ZWE
2014,Zimbabwe,102.8,ZWE
2015,Zimbabwe,100.0,ZWE
2016,Zimbabwe,100.5,ZWE
2017,Zimbabwe,101.6,ZWE
2018,Zimbabwe,102.29375253209211,ZWE
2019,Zimbabwe,99.5,ZWE
2020,Zimbabwe,99.22085680550748,ZWE
2021,Zimbabwe,99.1,ZWE
