country_code,country_name,year,sdg_index
AFG,Afghanistan,2006,37.6
AFG,Afghanistan,2007,38.0
AFG,Afghanistan,2008,37.3
AFG,Afghanistan,2009,38.3
AFG,Afghanistan,2010,38.8
AFG,Afghanistan,2011,38.4
AFG,Afghanistan,2012,39.7
AFG,Afghanistan,2013,39.7
AFG,Afghanistan,2014,40.8
AFG,Afghanistan,2015,41.6
AFG,Afghanistan,2016,44.7
AFG,Afghanistan,2017,45.6
AFG,Afghanistan,2018,46.3
AFG,Afghanistan,2019,46.4
AFG,Afghanistan,2020,47.3
AFG,Afghanistan,2021,46.3
ALB,Albania,2006,66.6
ALB,Albania,2007,66.8
ALB,Albania,2008,67.5
ALB,Albania,2009,68.0
ALB,Albania,2010,69.2
ALB,Albania,2011,69.6
ALB,Albania,2012,70.7
ALB,Albania,2013,70.6
ALB,Albania,2014,69.6
ALB,Albania,2015,70.9
ALB,Albania,2016,71.1
ALB,Albania,2017,71.9
ALB,Albania,2018,73.5
ALB,Albania,2019,73.7
ALB,Albania,2020,73.7
ALB,Albania,2021,73.7
DZA,Algeria,2006,68.4
DZA,Algeria,2007,68.3
DZA,Algeria,2008,68.3
DZA,Algeria,2009,68.8
DZA,Algeria,2010,69.0
DZA,Algeria,2011,69.4
DZA,Algeria,2012,71.2
DZA,Algeria,2013,71.2
DZA,Algeria,2014,71.8
DZA,Algeria,2015,72.2
DZA,Algeria,2016,71.9
DZA,Algeria,2017,72.0
DZA,Algeria,2018,71.7
DZA,Algeria,2019,70.8
DZA,Algeria,2020,71.3
DZA,Algeria,2021,71.0
AGO,Angola,2006,48.6
AGO,Angola,2007,49.0
AGO,Angola,2008,51.4
AGO,Angola,2009,50.9
AGO,Angola,2010,51.8
AGO,Angola,2011,52.5
AGO,Angola,2012,52.4
AGO,Angola,2013,53.1
AGO,Angola,2014,52.0
AGO,Angola,2015,52.2
AGO,Angola,2016,52.1
AGO,Angola,2017,52.1
AGO,Angola,2018,50.9
AGO,Angola,2019,50.7
AGO,Angola,2020,50.8
AGO,Angola,2021,51.0
ARG,Argentina,2006,67.9
ARG,Argentina,2007,68.1
ARG,Argentina,2008,68.3
ARG,Argentina,2009,69.3
ARG,Argentina,2010,69.9
ARG,Argentina,2011,70.3
ARG,Argentina,2012,70.7
ARG,Argentina,2013,71.1
ARG,Argentina,2014,71.9
ARG,Argentina,2015,72.9
ARG,Argentina,2016,72.1
ARG,Argentina,2017,72.9
ARG,Argentina,2018,73.0
ARG,Argentina,2019,73.0
ARG,Argentina,2020,72.7
ARG,Argentina,2021,73.4
ARM,Armenia,2006,68.9
ARM,Armenia,2007,69.0
ARM,Armenia,2008,69.5
ARM,Armenia,2009,70.4
ARM,Armenia,2010,70.6
ARM,Armenia,2011,70.9
ARM,Armenia,2012,71.1
ARM,Armenia,2013,71.0
ARM,Armenia,2014,71.1
ARM,Armenia,2015,71.1
ARM,Armenia,2016,71.0
ARM,Armenia,2017,71.1
ARM,Armenia,2018,71.1
ARM,Armenia,2019,72.6
ARM,Armenia,2020,74.1
ARM,Armenia,2021,73.7
AUS,Australia,2006,71.7
AUS,Australia,2007,71.5
AUS,Australia,2008,71.5
AUS,Australia,2009,71.8
AUS,Australia,2010,72.2
AUS,Australia,2011,72.2
AUS,Australia,2012,72.5
AUS,Australia,2013,73.7
AUS,Australia,2014,73.9
AUS,Australia,2015,74.5
AUS,Australia,2016,75.0
AUS,Australia,2017,75.3
AUS,Australia,2018,75.1
AUS,Australia,2019,75.2
AUS,Australia,2020,75.4
AUS,Australia,2021,76.0
AUT,Austria,2006,79.4
AUT,Austria,2007,79.6
AUT,Austria,2008,79.7
AUT,Austria,2009,79.8
AUT,Austria,2010,80.4
AUT,Austria,2011,80.6
AUT,Austria,2012,80.8
AUT,Austria,2013,81.5
AUT,Austria,2014,81.6
AUT,Austria,2015,81.5
AUT,Austria,2016,81.6
AUT,Austria,2017,82.6
AUT,Austria,2018,82.6
AUT,Austria,2019,83.1
AUT,Austria,2020,83.1
AUT,Austria,2021,83.1
AZE,Azerbaijan,2006,67.2
AZE,Azerbaijan,2007,67.6
AZE,Azerbaijan,2008,67.9
AZE,Azerbaijan,2009,68.3
AZE,Azerbaijan,2010,68.6
AZE,Azerbaijan,2011,69.0
AZE,Azerbaijan,2012,69.7
AZE,Azerbaijan,2013,70.7
AZE,Azerbaijan,2014,71.3
AZE,Azerbaijan,2015,71.4
AZE,Azerbaijan,2016,71.6
AZE,Azerbaijan,2017,72.5
AZE,Azerbaijan,2018,72.9
AZE,Azerbaijan,2019,73.2
AZE,Azerbaijan,2020,73.9
AZE,Azerbaijan,2021,74.1
BHS,"Bahamas, The",2006,57.4
BHS,"Bahamas, The",2007,57.4
BHS,"Bahamas, The",2008,57.5
BHS,"Bahamas, The",2009,57.5
BHS,"Bahamas, The",2010,57.4
BHS,"Bahamas, The",2011,57.6
BHS,"Bahamas, The",2012,57.8
BHS,"Bahamas, The",2013,57.5
BHS,"Bahamas, The",2014,58.3
BHS,"Bahamas, The",2015,58.8
BHS,"Bahamas, The",2016,59.1
BHS,"Bahamas, The",2017,59.5
BHS,"Bahamas, The",2018,59.9
BHS,"Bahamas, The",2019,60.3
BHS,"Bahamas, The",2020,60.6
BHS,"Bahamas, The",2021,61.1
BHR,Bahrain,2006,57.9
BHR,Bahrain,2007,58.2
BHR,Bahrain,2008,58.2
BHR,Bahrain,2009,59.0
BHR,Bahrain,2010,59.3
BHR,Bahrain,2011,58.3
BHR,Bahrain,2012,58.9
BHR,Bahrain,2013,58.2
BHR,Bahrain,2014,59.4
BHR,Bahrain,2015,60.8
BHR,Bahrain,2016,60.9
BHR,Bahrain,2017,60.4
BHR,Bahrain,2018,60.9
BHR,Bahrain,2019,60.7
BHR,Bahrain,2020,61.0
BHR,Bahrain,2021,61.3
BGD,Bangladesh,2006,55.8
BGD,Bangladesh,2007,55.6
BGD,Bangladesh,2008,55.9
BGD,Bangladesh,2009,56.3
BGD,Bangladesh,2010,56.9
BGD,Bangladesh,2011,57.8
BGD,Bangladesh,2012,58.3
BGD,Bangladesh,2013,59.3
BGD,Bangladesh,2014,59.5
BGD,Bangladesh,2015,60.0
BGD,Bangladesh,2016,61.2
BGD,Bangladesh,2017,61.8
BGD,Bangladesh,2018,63.0
BGD,Bangladesh,2019,63.6
BGD,Bangladesh,2020,63.9
BGD,Bangladesh,2021,65.5
BRB,Barbados,2006,69.0
BRB,Barbados,2007,68.9
BRB,Barbados,2008,68.8
BRB,Barbados,2009,68.6
BRB,Barbados,2010,68.9
BRB,Barbados,2011,68.5
BRB,Barbados,2012,69.1
BRB,Barbados,2013,69.4
BRB,Barbados,2014,70.2
BRB,Barbados,2015,70.2
BRB,Barbados,2016,70.1
BRB,Barbados,2017,70.4
BRB,Barbados,2018,70.4
BRB,Barbados,2019,69.6
BRB,Barbados,2020,69.8
BRB,Barbados,2021,70.8
BLR,Belarus,2006,74.7
BLR,Belarus,2007,74.5
BLR,Belarus,2008,75.1
BLR,Belarus,2009,75.0
BLR,Belarus,2010,74.7
BLR,Belarus,2011,74.9
BLR,Belarus,2012,75.5
BLR,Belarus,2013,75.1
BLR,Belarus,2014,75.9
BLR,Belarus,2015,76.9
BLR,Belarus,2016,77.6
BLR,Belarus,2017,77.9
BLR,Belarus,2018,78.1
BLR,Belarus,2019,78.3
BLR,Belarus,2020,78.4
BLR,Belarus,2021,78.4
BEL,Belgium,2006,75.1
BEL,Belgium,2007,74.9
BEL,Belgium,2008,75.1
BEL,Belgium,2009,75.6
BEL,Belgium,2010,75.8
BEL,Belgium,2011,76.4
BEL,Belgium,2012,76.7
BEL,Belgium,2013,77.5
BEL,Belgium,2014,77.5
BEL,Belgium,2015,78.0
BEL,Belgium,2016,77.9
BEL,Belgium,2017,77.9
BEL,Belgium,2018,78.2
BEL,Belgium,2019,79.0
BEL,Belgium,2020,79.4
BEL,Belgium,2021,79.5
BLZ,Belize,2006,63.5
BLZ,Belize,2007,63.1
BLZ,Belize,2008,63.3
BLZ,Belize,2009,63.6
BLZ,Belize,2010,64.2
BLZ,Belize,2011,65.0
BLZ,Belize,2012,65.6
BLZ,Belize,2013,64.9
BLZ,Belize,2014,65.8
BLZ,Belize,2015,65.5
BLZ,Belize,2016,66.2
BLZ,Belize,2017,66.9
BLZ,Belize,2018,67.1
BLZ,Belize,2019,67.0
BLZ,Belize,2020,66.8
BLZ,Belize,2021,66.5
BEN,Benin,2006,48.1
BEN,Benin,2007,48.5
BEN,Benin,2008,48.8
BEN,Benin,2009,49.0
BEN,Benin,2010,49.3
BEN,Benin,2011,48.2
BEN,Benin,2012,48.5
BEN,Benin,2013,48.7
BEN,Benin,2014,48.8
BEN,Benin,2015,47.8
BEN,Benin,2016,49.2
BEN,Benin,2017,50.3
BEN,Benin,2018,53.9
BEN,Benin,2019,54.0
BEN,Benin,2020,54.4
BEN,Benin,2021,55.1
BTN,Bhutan,2006,60.4
BTN,Bhutan,2007,62.0
BTN,Bhutan,2008,62.6
BTN,Bhutan,2009,62.9
BTN,Bhutan,2010,63.5
BTN,Bhutan,2011,64.1
BTN,Bhutan,2012,65.3
BTN,Bhutan,2013,66.6
BTN,Bhutan,2014,66.8
BTN,Bhutan,2015,67.6
BTN,Bhutan,2016,68.1
BTN,Bhutan,2017,69.5
BTN,Bhutan,2018,70.6
BTN,Bhutan,2019,71.0
BTN,Bhutan,2020,71.4
BTN,Bhutan,2021,73.1
BOL,Bolivia,2006,61.2
BOL,Bolivia,2007,61.8
BOL,Bolivia,2008,62.5
BOL,Bolivia,2009,62.8
BOL,Bolivia,2010,63.1
BOL,Bolivia,2011,63.7
BOL,Bolivia,2012,63.7
BOL,Bolivia,2013,63.9
BOL,Bolivia,2014,65.5
BOL,Bolivia,2015,66.2
BOL,Bolivia,2016,67.0
BOL,Bolivia,2017,67.7
BOL,Bolivia,2018,68.8
BOL,Bolivia,2019,69.8
BOL,Bolivia,2020,68.7
BOL,Bolivia,2021,69.2
BIH,Bosnia and Herzegovina,2006,67.8
BIH,Bosnia and Herzegovina,2007,68.2
BIH,Bosnia and Herzegovina,2008,68.9
BIH,Bosnia and Herzegovina,2009,69.2
BIH,Bosnia and Herzegovina,2010,69.1
BIH,Bosnia and Herzegovina,2011,69.0
BIH,Bosnia and Herzegovina,2012,69.1
BIH,Bosnia and Herzegovina,2013,70.3
BIH,Bosnia and Herzegovina,2014,70.5
BIH,Bosnia and Herzegovina,2015,70.7
BIH,Bosnia and Herzegovina,2016,71.0
BIH,Bosnia and Herzegovina,2017,70.9
BIH,Bosnia and Herzegovina,2018,72.4
BIH,Bosnia and Herzegovina,2019,73.0
BIH,Bosnia and Herzegovina,2020,73.4
BIH,Bosnia and Herzegovina,2021,74.1
BWA,Botswana,2006,55.4
BWA,Botswana,2007,55.0
BWA,Botswana,2008,55.1
BWA,Botswana,2009,55.2
BWA,Botswana,2010,55.7
BWA,Botswana,2011,56.2
BWA,Botswana,2012,57.1
BWA,Botswana,2013,58.2
BWA,Botswana,2014,59.1
BWA,Botswana,2015,60.0
BWA,Botswana,2016,60.3
BWA,Botswana,2017,60.9
BWA,Botswana,2018,61.0
BWA,Botswana,2019,61.7
BWA,Botswana,2020,62.2
BWA,Botswana,2021,62.4
BRA,Brazil,2006,69.6
BRA,Brazil,2007,69.9
BRA,Brazil,2008,70.3
BRA,Brazil,2009,70.3
BRA,Brazil,2010,70.6
BRA,Brazil,2011,70.7
BRA,Brazil,2012,70.9
BRA,Brazil,2013,71.3
BRA,Brazil,2014,71.7
BRA,Brazil,2015,72.6
BRA,Brazil,2016,71.5
BRA,Brazil,2017,72.0
BRA,Brazil,2018,72.0
BRA,Brazil,2019,72.4
BRA,Brazil,2020,72.9
BRA,Brazil,2021,73.4
BRN,Brunei Darussalam,2006,62.6
BRN,Brunei Darussalam,2007,61.2
BRN,Brunei Darussalam,2008,61.3
BRN,Brunei Darussalam,2009,62.0
BRN,Brunei Darussalam,2010,61.7
BRN,Brunei Darussalam,2011,61.4
BRN,Brunei Darussalam,2012,62.5
BRN,Brunei Darussalam,2013,63.3
BRN,Brunei Darussalam,2014,63.6
BRN,Brunei Darussalam,2015,64.7
BRN,Brunei Darussalam,2016,64.3
BRN,Brunei Darussalam,2017,64.7
BRN,Brunei Darussalam,2018,64.1
BRN,Brunei Darussalam,2019,63.6
BRN,Brunei Darussalam,2020,64.1
BRN,Brunei Darussalam,2021,64.4
BGR,Bulgaria,2006,70.8
BGR,Bulgaria,2007,72.4
BGR,Bulgaria,2008,74.0
BGR,Bulgaria,2009,73.9
BGR,Bulgaria,2010,74.1
BGR,Bulgaria,2011,73.9
BGR,Bulgaria,2012,74.6
BGR,Bulgaria,2013,74.8
BGR,Bulgaria,2014,74.2
BGR,Bulgaria,2015,74.4
BGR,Bulgaria,2016,73.3
BGR,Bulgaria,2017,73.9
BGR,Bulgaria,2018,73.8
BGR,Bulgaria,2019,74.6
BGR,Bulgaria,2020,74.7
BGR,Bulgaria,2021,74.9
BFA,Burkina Faso,2006,45.6
BFA,Burkina Faso,2007,45.4
BFA,Burkina Faso,2008,45.9
BFA,Burkina Faso,2009,47.3
BFA,Burkina Faso,2010,47.6
BFA,Burkina Faso,2011,48.5
BFA,Burkina Faso,2012,49.1
BFA,Burkina Faso,2013,49.7
BFA,Burkina Faso,2014,51.5
BFA,Burkina Faso,2015,51.0
BFA,Burkina Faso,2016,52.0
BFA,Burkina Faso,2017,53.1
BFA,Burkina Faso,2018,51.1
BFA,Burkina Faso,2019,51.5
BFA,Burkina Faso,2020,51.4
BFA,Burkina Faso,2021,51.6
BDI,Burundi,2006,48.5
BDI,Burundi,2007,48.8
BDI,Burundi,2008,49.3
BDI,Burundi,2009,50.1
BDI,Burundi,2010,51.4
BDI,Burundi,2011,51.4
BDI,Burundi,2012,51.3
BDI,Burundi,2013,50.3
BDI,Burundi,2014,51.0
BDI,Burundi,2015,51.3
BDI,Burundi,2016,51.4
BDI,Burundi,2017,52.1
BDI,Burundi,2018,52.6
BDI,Burundi,2019,52.9
BDI,Burundi,2020,52.8
BDI,Burundi,2021,53.0
CPV,Cabo Verde,2006,61.9
CPV,Cabo Verde,2007,62.2
CPV,Cabo Verde,2008,62.6
CPV,Cabo Verde,2009,62.5
CPV,Cabo Verde,2010,63.2
CPV,Cabo Verde,2011,62.8
CPV,Cabo Verde,2012,63.7
CPV,Cabo Verde,2013,64.2
CPV,Cabo Verde,2014,64.5
CPV,Cabo Verde,2015,66.4
CPV,Cabo Verde,2016,67.2
CPV,Cabo Verde,2017,67.6
CPV,Cabo Verde,2018,67.6
CPV,Cabo Verde,2019,67.7
CPV,Cabo Verde,2020,67.7
CPV,Cabo Verde,2021,68.7
KHM,Cambodia,2006,51.4
KHM,Cambodia,2007,52.4
KHM,Cambodia,2008,53.0
KHM,Cambodia,2009,53.5
KHM,Cambodia,2010,53.5
KHM,Cambodia,2011,54.2
KHM,Cambodia,2012,55.3
KHM,Cambodia,2013,55.5
KHM,Cambodia,2014,57.0
KHM,Cambodia,2015,58.0
KHM,Cambodia,2016,59.2
KHM,Cambodia,2017,60.7
KHM,Cambodia,2018,61.8
KHM,Cambodia,2019,62.3
KHM,Cambodia,2020,62.9
KHM,Cambodia,2021,63.2
CMR,Cameroon,2006,49.6
CMR,Cameroon,2007,49.9
CMR,Cameroon,2008,50.0
CMR,Cameroon,2009,50.6
CMR,Cameroon,2010,51.1
CMR,Cameroon,2011,51.7
CMR,Cameroon,2012,52.7
CMR,Cameroon,2013,53.5
CMR,Cameroon,2014,52.9
CMR,Cameroon,2015,53.4
CMR,Cameroon,2016,53.5
CMR,Cameroon,2017,54.0
CMR,Cameroon,2018,54.2
CMR,Cameroon,2019,54.5
CMR,Cameroon,2020,54.7
CMR,Cameroon,2021,55.0
CAN,Canada,2006,75.1
CAN,Canada,2007,74.9
CAN,Canada,2008,75.2
CAN,Canada,2009,75.5
CAN,Canada,2010,75.7
CAN,Canada,2011,75.8
CAN,Canada,2012,75.9
CAN,Canada,2013,76.2
CAN,Canada,2014,76.5
CAN,Canada,2015,76.8
CAN,Canada,2016,77.2
CAN,Canada,2017,77.6
CAN,Canada,2018,77.7
CAN,Canada,2019,77.8
CAN,Canada,2020,78.4
CAN,Canada,2021,78.3
CAF,Central African Republic,2006,38.7
CAF,Central African Republic,2007,38.7
CAF,Central African Republic,2008,39.0
CAF,Central African Republic,2009,39.0
CAF,Central African Republic,2010,39.0
CAF,Central African Republic,2011,38.8
CAF,Central African Republic,2012,39.0
CAF,Central African Republic,2013,38.2
CAF,Central African Republic,2014,38.3
CAF,Central African Republic,2015,38.0
CAF,Central African Republic,2016,37.4
CAF,Central African Republic,2017,38.6
CAF,Central African Republic,2018,38.6
CAF,Central African Republic,2019,38.5
CAF,Central African Republic,2020,38.6
CAF,Central African Republic,2021,38.8
TCD,Chad,2006,38.7
TCD,Chad,2007,38.7
TCD,Chad,2008,39.4
TCD,Chad,2009,38.9
TCD,Chad,2010,39.6
TCD,Chad,2011,39.0
TCD,Chad,2012,39.9
TCD,Chad,2013,40.9
TCD,Chad,2014,40.7
TCD,Chad,2015,40.6
TCD,Chad,2016,40.2
TCD,Chad,2017,40.4
TCD,Chad,2018,42.1
TCD,Chad,2019,42.1
TCD,Chad,2020,42.7
TCD,Chad,2021,43.7
CHL,Chile,2006,72.5
CHL,Chile,2007,72.4
CHL,Chile,2008,72.5
CHL,Chile,2009,73.1
CHL,Chile,2010,73.2
CHL,Chile,2011,73.4
CHL,Chile,2012,74.4
CHL,Chile,2013,75.0
CHL,Chile,2014,75.4
CHL,Chile,2015,76.0
CHL,Chile,2016,76.4
CHL,Chile,2017,76.9
CHL,Chile,2018,77.4
CHL,Chile,2019,77.6
CHL,Chile,2020,77.4
CHL,Chile,2021,78.4
CHN,China,2006,63.2
CHN,China,2007,63.8
CHN,China,2008,63.8
CHN,China,2009,63.9
CHN,China,2010,64.4
CHN,China,2011,65.3
CHN,China,2012,66.2
CHN,China,2013,67.1
CHN,China,2014,68.0
CHN,China,2015,68.9
CHN,China,2016,69.4
CHN,China,2017,69.9
CHN,China,2018,70.8
CHN,China,2019,71.5
CHN,China,2020,71.6
CHN,China,2021,72.0
COL,Colombia,2006,65.6
COL,Colombia,2007,65.8
COL,Colombia,2008,65.5
COL,Colombia,2009,65.7
COL,Colombia,2010,66.2
COL,Colombia,2011,66.6
COL,Colombia,2012,67.0
COL,Colombia,2013,66.9
COL,Colombia,2014,68.0
COL,Colombia,2015,68.8
COL,Colombia,2016,69.0
COL,Colombia,2017,69.5
COL,Colombia,2018,70.1
COL,Colombia,2019,70.3
COL,Colombia,2020,69.4
COL,Colombia,2021,69.9
COM,Comoros,2006,46.1
COM,Comoros,2007,46.7
COM,Comoros,2008,47.2
COM,Comoros,2009,47.0
COM,Comoros,2010,49.6
COM,Comoros,2011,48.9
COM,Comoros,2012,49.0
COM,Comoros,2013,49.3
COM,Comoros,2014,50.5
COM,Comoros,2015,50.5
COM,Comoros,2016,50.4
COM,Comoros,2017,51.5
COM,Comoros,2018,52.2
COM,Comoros,2019,52.4
COM,Comoros,2020,52.6
COM,Comoros,2021,52.4
COD,"Congo, Dem. Rep.",2006,44.6
COD,"Congo, Dem. Rep.",2007,44.9
COD,"Congo, Dem. Rep.",2008,44.9
COD,"Congo, Dem. Rep.",2009,45.1
COD,"Congo, Dem. Rep.",2010,45.4
COD,"Congo, Dem. Rep.",2011,45.4
COD,"Congo, Dem. Rep.",2012,46.4
COD,"Congo, Dem. Rep.",2013,45.9
COD,"Congo, Dem. Rep.",2014,46.3
COD,"Congo, Dem. Rep.",2015,47.0
COD,"Congo, Dem. Rep.",2016,47.1
COD,"Congo, Dem. Rep.",2017,47.4
COD,"Congo, Dem. Rep.",2018,47.7
COD,"Congo, Dem. Rep.",2019,47.8
COD,"Congo, Dem. Rep.",2020,48.4
COD,"Congo, Dem. Rep.",2021,48.8
COG,"Congo, Rep.",2006,46.5
COG,"Congo, Rep.",2007,46.6
COG,"Congo, Rep.",2008,47.1
COG,"Congo, Rep.",2009,46.5
COG,"Congo, Rep.",2010,48.7
COG,"Congo, Rep.",2011,50.3
COG,"Congo, Rep.",2012,50.7
COG,"Congo, Rep.",2013,50.5
COG,"Congo, Rep.",2014,50.4
COG,"Congo, Rep.",2015,51.8
COG,"Congo, Rep.",2016,52.4
COG,"Congo, Rep.",2017,53.1
COG,"Congo, Rep.",2018,52.4
COG,"Congo, Rep.",2019,52.7
COG,"Congo, Rep.",2020,52.1
COG,"Congo, Rep.",2021,52.4
CRI,Costa Rica,2006,69.4
CRI,Costa Rica,2007,69.4
CRI,Costa Rica,2008,69.6
CRI,Costa Rica,2009,69.6
CRI,Costa Rica,2010,70.1
CRI,Costa Rica,2011,70.1
CRI,Costa Rica,2012,71.0
CRI,Costa Rica,2013,71.3
CRI,Costa Rica,2014,71.6
CRI,Costa Rica,2015,71.8
CRI,Costa Rica,2016,71.5
CRI,Costa Rica,2017,71.9
CRI,Costa Rica,2018,72.5
CRI,Costa Rica,2019,73.1
CRI,Costa Rica,2020,72.3
CRI,Costa Rica,2021,73.5
CIV,Cote d'Ivoire,2006,51.3
CIV,Cote d'Ivoire,2007,51.3
CIV,Cote d'Ivoire,2008,51.0
CIV,Cote d'Ivoire,2009,51.0
CIV,Cote d'Ivoire,2010,51.2
CIV,Cote d'Ivoire,2011,50.8
CIV,Cote d'Ivoire,2012,51.3
CIV,Cote d'Ivoire,2013,52.2
CIV,Cote d'Ivoire,2014,52.9
CIV,Cote d'Ivoire,2015,54.6
CIV,Cote d'Ivoire,2016,56.4
CIV,Cote d'Ivoire,2017,57.7
CIV,Cote d'Ivoire,2018,59.7
CIV,Cote d'Ivoire,2019,61.3
CIV,Cote d'Ivoire,2020,61.9
CIV,Cote d'Ivoire,2021,62.2
HRV,Croatia,2006,73.8
HRV,Croatia,2007,73.7
HRV,Croatia,2008,74.3
HRV,Croatia,2009,74.9
HRV,Croatia,2010,75.2
HRV,Croatia,2011,75.6
HRV,Croatia,2012,76.6
HRV,Croatia,2013,78.7
HRV,Croatia,2014,79.0
HRV,Croatia,2015,79.2
HRV,Croatia,2016,79.8
HRV,Croatia,2017,79.5
HRV,Croatia,2018,80.2
HRV,Croatia,2019,80.6
HRV,Croatia,2020,81.6
HRV,Croatia,2021,81.6
CUB,Cuba,2006,74.1
CUB,Cuba,2007,74.2
CUB,Cuba,2008,74.4
CUB,Cuba,2009,74.5
CUB,Cuba,2010,74.8
CUB,Cuba,2011,74.9
CUB,Cuba,2012,74.0
CUB,Cuba,2013,74.6
CUB,Cuba,2014,75.3
CUB,Cuba,2015,75.4
CUB,Cuba,2016,75.6
CUB,Cuba,2017,76.0
CUB,Cuba,2018,75.7
CUB,Cuba,2019,75.6
CUB,Cuba,2020,75.9
CUB,Cuba,2021,76.3
CYP,Cyprus,2006,67.8
CYP,Cyprus,2007,68.1
CYP,Cyprus,2008,68.6
CYP,Cyprus,2009,69.6
CYP,Cyprus,2010,69.8
CYP,Cyprus,2011,70.2
CYP,Cyprus,2012,69.7
CYP,Cyprus,2013,69.6
CYP,Cyprus,2014,69.7
CYP,Cyprus,2015,70.6
CYP,Cyprus,2016,71.1
CYP,Cyprus,2017,72.4
CYP,Cyprus,2018,71.9
CYP,Cyprus,2019,72.5
CYP,Cyprus,2020,72.7
CYP,Cyprus,2021,73.0
CZE,Czechia,2006,76.1
CZE,Czechia,2007,76.4
CZE,Czechia,2008,76.9
CZE,Czechia,2009,77.6
CZE,Czechia,2010,77.6
CZE,Czechia,2011,78.1
CZE,Czechia,2012,78.1
CZE,Czechia,2013,78.7
CZE,Czechia,2014,79.5
CZE,Czechia,2015,80.3
CZE,Czechia,2016,80.2
CZE,Czechia,2017,80.5
CZE,Czechia,2018,80.9
CZE,Czechia,2019,81.1
CZE,Czechia,2020,81.8
CZE,Czechia,2021,82.5
DNK,Denmark,2006,82.2
DNK,Denmark,2007,82.4
DNK,Denmark,2008,82.1
DNK,Denmark,2009,82.5
DNK,Denmark,2010,82.8
DNK,Denmark,2011,83.3
DNK,Denmark,2012,84.0
DNK,Denmark,2013,83.9
DNK,Denmark,2014,83.9
DNK,Denmark,2015,84.6
DNK,Denmark,2016,84.7
DNK,Denmark,2017,84.5
DNK,Denmark,2018,84.3
DNK,Denmark,2019,85.0
DNK,Denmark,2020,85.1
DNK,Denmark,2021,85.8
DJI,Djibouti,2006,47.6
DJI,Djibouti,2007,48.0
DJI,Djibouti,2008,48.3
DJI,Djibouti,2009,48.0
DJI,Djibouti,2010,47.6
DJI,Djibouti,2011,48.6
DJI,Djibouti,2012,46.9
DJI,Djibouti,2013,46.6
DJI,Djibouti,2014,47.4
DJI,Djibouti,2015,47.5
DJI,Djibouti,2016,48.3
DJI,Djibouti,2017,49.8
DJI,Djibouti,2018,51.0
DJI,Djibouti,2019,51.6
DJI,Djibouti,2020,51.9
DJI,Djibouti,2021,52.5
DOM,Dominican Republic,2006,65.1
DOM,Dominican Republic,2007,65.9
DOM,Dominican Republic,2008,65.6
DOM,Dominican Republic,2009,66.3
DOM,Dominican Republic,2010,66.7
DOM,Dominican Republic,2011,67.0
DOM,Dominican Republic,2012,67.3
DOM,Dominican Republic,2013,68.1
DOM,Dominican Republic,2014,69.5
DOM,Dominican Republic,2015,69.5
DOM,Dominican Republic,2016,69.8
DOM,Dominican Republic,2017,71.5
DOM,Dominican Republic,2018,71.0
DOM,Dominican Republic,2019,72.1
DOM,Dominican Republic,2020,72.8
DOM,Dominican Republic,2021,72.1
_E_S_Asia,East and South Asia,2006,58.0
_E_S_Asia,East and South Asia,2007,58.4
_E_S_Asia,East and South Asia,2008,58.6
_E_S_Asia,East and South Asia,2009,58.7
_E_S_Asia,East and South Asia,2010,59.1
_E_S_Asia,East and South Asia,2011,60.0
_E_S_Asia,East and South Asia,2012,60.6
_E_S_Asia,East and South Asia,2013,61.5
_E_S_Asia,East and South Asia,2014,62.4
_E_S_Asia,East and South Asia,2015,63.0
_E_S_Asia,East and South Asia,2016,63.4
_E_S_Asia,East and South Asia,2017,64.5
_E_S_Asia,East and South Asia,2018,65.4
_E_S_Asia,East and South Asia,2019,66.2
_E_S_Asia,East and South Asia,2020,66.4
_E_S_Asia,East and South Asia,2021,66.8
_E_Euro_Asia,Eastern Europe and Central Asia,2006,66.3
_E_Euro_Asia,Eastern Europe and Central Asia,2007,66.6
_E_Euro_Asia,Eastern Europe and Central Asia,2008,67.2
_E_Euro_Asia,Eastern Europe and Central Asia,2009,67.3
_E_Euro_Asia,Eastern Europe and Central Asia,2010,67.5
_E_Euro_Asia,Eastern Europe and Central Asia,2011,67.8
_E_Euro_Asia,Eastern Europe and Central Asia,2012,67.9
_E_Euro_Asia,Eastern Europe and Central Asia,2013,68.3
_E_Euro_Asia,Eastern Europe and Central Asia,2014,69.0
_E_Euro_Asia,Eastern Europe and Central Asia,2015,69.4
_E_Euro_Asia,Eastern Europe and Central Asia,2016,70.0
_E_Euro_Asia,Eastern Europe and Central Asia,2017,70.8
_E_Euro_Asia,Eastern Europe and Central Asia,2018,71.1
_E_Euro_Asia,Eastern Europe and Central Asia,2019,71.5
_E_Euro_Asia,Eastern Europe and Central Asia,2020,72.1
_E_Euro_Asia,Eastern Europe and Central Asia,2021,72.1
ECU,Ecuador,2006,63.9
ECU,Ecuador,2007,64.3
ECU,Ecuador,2008,64.6
ECU,Ecuador,2009,65.7
ECU,Ecuador,2010,66.1
ECU,Ecuador,2011,66.8
ECU,Ecuador,2012,67.7
ECU,Ecuador,2013,68.2
ECU,Ecuador,2014,69.8
ECU,Ecuador,2015,69.9
ECU,Ecuador,2016,70.8
ECU,Ecuador,2017,71.4
ECU,Ecuador,2018,71.4
ECU,Ecuador,2019,71.1
ECU,Ecuador,2020,70.2
ECU,Ecuador,2021,70.5
EGY,"Egypt, Arab Rep.",2006,65.6
EGY,"Egypt, Arab Rep.",2007,66.3
EGY,"Egypt, Arab Rep.",2008,66.5
EGY,"Egypt, Arab Rep.",2009,66.9
EGY,"Egypt, Arab Rep.",2010,66.9
EGY,"Egypt, Arab Rep.",2011,66.2
EGY,"Egypt, Arab Rep.",2012,67.1
EGY,"Egypt, Arab Rep.",2013,67.1
EGY,"Egypt, Arab Rep.",2014,68.1
EGY,"Egypt, Arab Rep.",2015,66.4
EGY,"Egypt, Arab Rep.",2016,66.2
EGY,"Egypt, Arab Rep.",2017,67.7
EGY,"Egypt, Arab Rep.",2018,68.1
EGY,"Egypt, Arab Rep.",2019,68.3
EGY,"Egypt, Arab Rep.",2020,69.2
EGY,"Egypt, Arab Rep.",2021,69.5
SLV,El Salvador,2006,61.6
SLV,El Salvador,2007,61.9
SLV,El Salvador,2008,62.2
SLV,El Salvador,2009,63.0
SLV,El Salvador,2010,64.2
SLV,El Salvador,2011,65.3
SLV,El Salvador,2012,66.5
SLV,El Salvador,2013,66.2
SLV,El Salvador,2014,67.9
SLV,El Salvador,2015,68.0
SLV,El Salvador,2016,68.3
SLV,El Salvador,2017,69.6
SLV,El Salvador,2018,69.6
SLV,El Salvador,2019,69.8
SLV,El Salvador,2020,70.0
SLV,El Salvador,2021,70.5
EST,Estonia,2006,75.3
EST,Estonia,2007,75.8
EST,Estonia,2008,76.2
EST,Estonia,2009,77.0
EST,Estonia,2010,76.7
EST,Estonia,2011,76.2
EST,Estonia,2012,76.8
EST,Estonia,2013,77.0
EST,Estonia,2014,77.5
EST,Estonia,2015,78.8
EST,Estonia,2016,78.3
EST,Estonia,2017,79.6
EST,Estonia,2018,79.7
EST,Estonia,2019,80.7
EST,Estonia,2020,81.1
EST,Estonia,2021,81.0
SWZ,Eswatini,2006,51.1
SWZ,Eswatini,2007,51.1
SWZ,Eswatini,2008,51.6
SWZ,Eswatini,2009,51.4
SWZ,Eswatini,2010,52.1
SWZ,Eswatini,2011,52.9
SWZ,Eswatini,2012,54.2
SWZ,Eswatini,2013,54.4
SWZ,Eswatini,2014,55.6
SWZ,Eswatini,2015,55.4
SWZ,Eswatini,2016,54.5
SWZ,Eswatini,2017,55.9
SWZ,Eswatini,2018,56.4
SWZ,Eswatini,2019,56.9
SWZ,Eswatini,2020,57.3
SWZ,Eswatini,2021,57.5
ETH,Ethiopia,2006,46.1
ETH,Ethiopia,2007,46.7
ETH,Ethiopia,2008,47.2
ETH,Ethiopia,2009,47.5
ETH,Ethiopia,2010,47.9
ETH,Ethiopia,2011,48.7
ETH,Ethiopia,2012,49.3
ETH,Ethiopia,2013,49.6
ETH,Ethiopia,2014,50.5
ETH,Ethiopia,2015,50.8
ETH,Ethiopia,2016,51.4
ETH,Ethiopia,2017,52.3
ETH,Ethiopia,2018,52.5
ETH,Ethiopia,2019,53.2
ETH,Ethiopia,2020,53.7
ETH,Ethiopia,2021,54.3
FJI,Fiji,2006,67.3
FJI,Fiji,2007,67.7
FJI,Fiji,2008,66.9
FJI,Fiji,2009,67.0
FJI,Fiji,2010,66.4
FJI,Fiji,2011,66.8
FJI,Fiji,2012,67.0
FJI,Fiji,2013,68.8
FJI,Fiji,2014,69.5
FJI,Fiji,2015,69.4
FJI,Fiji,2016,69.5
FJI,Fiji,2017,71.2
FJI,Fiji,2018,71.7
FJI,Fiji,2019,73.0
FJI,Fiji,2020,72.8
FJI,Fiji,2021,72.7
FIN,Finland,2006,83.5
FIN,Finland,2007,83.7
FIN,Finland,2008,84.0
FIN,Finland,2009,84.8
FIN,Finland,2010,84.6
FIN,Finland,2011,85.2
FIN,Finland,2012,85.5
FIN,Finland,2013,85.5
FIN,Finland,2014,85.5
FIN,Finland,2015,85.9
FIN,Finland,2016,85.4
FIN,Finland,2017,86.0
FIN,Finland,2018,85.6
FIN,Finland,2019,86.1
FIN,Finland,2020,86.4
FIN,Finland,2021,86.6
FRA,France,2006,76.6
FRA,France,2007,76.4
FRA,France,2008,77.1
FRA,France,2009,77.6
FRA,France,2010,77.8
FRA,France,2011,77.7
FRA,France,2012,78.7
FRA,France,2013,79.1
FRA,France,2014,79.6
FRA,France,2015,79.8
FRA,France,2016,80.0
FRA,France,2017,81.0
FRA,France,2018,80.9
FRA,France,2019,81.5
FRA,France,2020,81.6
FRA,France,2021,82.0
GAB,Gabon,2006,57.6
GAB,Gabon,2007,58.0
GAB,Gabon,2008,58.1
GAB,Gabon,2009,58.3
GAB,Gabon,2010,58.4
GAB,Gabon,2011,58.7
GAB,Gabon,2012,59.1
GAB,Gabon,2013,59.3
GAB,Gabon,2014,59.2
GAB,Gabon,2015,59.8
GAB,Gabon,2016,60.4
GAB,Gabon,2017,61.8
GAB,Gabon,2018,61.9
GAB,Gabon,2019,62.2
GAB,Gabon,2020,62.0
GAB,Gabon,2021,62.8
GMB,"Gambia, The",2006,49.0
GMB,"Gambia, The",2007,49.0
GMB,"Gambia, The",2008,49.3
GMB,"Gambia, The",2009,49.6
GMB,"Gambia, The",2010,50.6
GMB,"Gambia, The",2011,50.6
GMB,"Gambia, The",2012,51.0
GMB,"Gambia, The",2013,51.8
GMB,"Gambia, The",2014,52.4
GMB,"Gambia, The",2015,55.3
GMB,"Gambia, The",2016,55.5
GMB,"Gambia, The",2017,56.3
GMB,"Gambia, The",2018,57.8
GMB,"Gambia, The",2019,58.0
GMB,"Gambia, The",2020,58.1
GMB,"Gambia, The",2021,58.5
GEO,Georgia,2006,69.0
GEO,Georgia,2007,69.0
GEO,Georgia,2008,69.2
GEO,Georgia,2009,69.1
GEO,Georgia,2010,69.6
GEO,Georgia,2011,69.9
GEO,Georgia,2012,70.8
GEO,Georgia,2013,71.7
GEO,Georgia,2014,72.1
GEO,Georgia,2015,73.0
GEO,Georgia,2016,73.5
GEO,Georgia,2017,73.4
GEO,Georgia,2018,73.8
GEO,Georgia,2019,74.2
GEO,Georgia,2020,74.5
GEO,Georgia,2021,75.1
DEU,Germany,2006,78.6
DEU,Germany,2007,78.5
DEU,Germany,2008,78.7
DEU,Germany,2009,79.2
DEU,Germany,2010,79.3
DEU,Germany,2011,79.6
DEU,Germany,2012,80.1
DEU,Germany,2013,80.6
DEU,Germany,2014,81.0
DEU,Germany,2015,81.9
DEU,Germany,2016,82.0
DEU,Germany,2017,82.1
DEU,Germany,2018,82.3
DEU,Germany,2019,82.6
DEU,Germany,2020,83.0
DEU,Germany,2021,83.3
GHA,Ghana,2006,55.9
GHA,Ghana,2007,56.6
GHA,Ghana,2008,56.9
GHA,Ghana,2009,57.0
GHA,Ghana,2010,57.5
GHA,Ghana,2011,58.7
GHA,Ghana,2012,58.9
GHA,Ghana,2013,59.0
GHA,Ghana,2014,59.7
GHA,Ghana,2015,60.1
GHA,Ghana,2016,59.6
GHA,Ghana,2017,60.7
GHA,Ghana,2018,61.1
GHA,Ghana,2019,61.6
GHA,Ghana,2020,62.0
GHA,Ghana,2021,61.8
GRC,Greece,2006,72.4
GRC,Greece,2007,72.8
GRC,Greece,2008,73.1
GRC,Greece,2009,73.4
GRC,Greece,2010,73.9
GRC,Greece,2011,73.9
GRC,Greece,2012,73.9
GRC,Greece,2013,74.3
GRC,Greece,2014,74.9
GRC,Greece,2015,75.2
GRC,Greece,2016,75.7
GRC,Greece,2017,76.2
GRC,Greece,2018,77.0
GRC,Greece,2019,77.5
GRC,Greece,2020,77.8
GRC,Greece,2021,78.1
GTM,Guatemala,2006,55.9
GTM,Guatemala,2007,55.4
GTM,Guatemala,2008,55.9
GTM,Guatemala,2009,56.2
GTM,Guatemala,2010,56.1
GTM,Guatemala,2011,55.9
GTM,Guatemala,2012,57.2
GTM,Guatemala,2013,56.9
GTM,Guatemala,2014,58.1
GTM,Guatemala,2015,58.0
GTM,Guatemala,2016,58.3
GTM,Guatemala,2017,58.7
GTM,Guatemala,2018,58.8
GTM,Guatemala,2019,59.2
GTM,Guatemala,2020,59.4
GTM,Guatemala,2021,59.7
GIN,Guinea,2006,46.7
GIN,Guinea,2007,48.3
GIN,Guinea,2008,48.4
GIN,Guinea,2009,48.6
GIN,Guinea,2010,48.7
GIN,Guinea,2011,48.7
GIN,Guinea,2012,50.2
GIN,Guinea,2013,50.4
GIN,Guinea,2014,50.3
GIN,Guinea,2015,50.3
GIN,Guinea,2016,51.4
GIN,Guinea,2017,52.1
GIN,Guinea,2018,53.1
GIN,Guinea,2019,53.5
GIN,Guinea,2020,53.5
GIN,Guinea,2021,54.2
GUY,Guyana,2006,64.1
GUY,Guyana,2007,63.5
GUY,Guyana,2008,63.8
GUY,Guyana,2009,64.1
GUY,Guyana,2010,64.5
GUY,Guyana,2011,64.8
GUY,Guyana,2012,65.1
GUY,Guyana,2013,65.5
GUY,Guyana,2014,65.8
GUY,Guyana,2015,65.9
GUY,Guyana,2016,66.1
GUY,Guyana,2017,66.7
GUY,Guyana,2018,67.1
GUY,Guyana,2019,67.7
GUY,Guyana,2020,68.6
GUY,Guyana,2021,69.0
HTI,Haiti,2006,47.8
HTI,Haiti,2007,47.6
HTI,Haiti,2008,47.5
HTI,Haiti,2009,48.0
HTI,Haiti,2010,47.7
HTI,Haiti,2011,48.2
HTI,Haiti,2012,50.4
HTI,Haiti,2013,50.9
HTI,Haiti,2014,51.1
HTI,Haiti,2015,51.2
HTI,Haiti,2016,50.8
HTI,Haiti,2017,51.7
HTI,Haiti,2018,52.2
HTI,Haiti,2019,51.8
HTI,Haiti,2020,51.6
HTI,Haiti,2021,52.8
_HIC,High-income Countries,2006,74.3
_HIC,High-income Countries,2007,74.4
_HIC,High-income Countries,2008,74.5
_HIC,High-income Countries,2009,74.8
_HIC,High-income Countries,2010,75.1
_HIC,High-income Countries,2011,75.3
_HIC,High-income Countries,2012,75.6
_HIC,High-income Countries,2013,75.9
_HIC,High-income Countries,2014,76.1
_HIC,High-income Countries,2015,76.4
_HIC,High-income Countries,2016,76.6
_HIC,High-income Countries,2017,76.9
_HIC,High-income Countries,2018,76.9
_HIC,High-income Countries,2019,77.3
_HIC,High-income Countries,2020,77.7
_HIC,High-income Countries,2021,78.1
HND,Honduras,2006,58.9
HND,Honduras,2007,59.3
HND,Honduras,2008,59.6
HND,Honduras,2009,59.4
HND,Honduras,2010,60.7
HND,Honduras,2011,59.9
HND,Honduras,2012,59.8
HND,Honduras,2013,61.1
HND,Honduras,2014,62.4
HND,Honduras,2015,62.3
HND,Honduras,2016,62.9
HND,Honduras,2017,62.8
HND,Honduras,2018,62.5
HND,Honduras,2019,62.9
HND,Honduras,2020,62.7
HND,Honduras,2021,63.3
HUN,Hungary,2006,76.7
HUN,Hungary,2007,76.5
HUN,Hungary,2008,77.4
HUN,Hungary,2009,77.5
HUN,Hungary,2010,77.2
HUN,Hungary,2011,77.4
HUN,Hungary,2012,77.2
HUN,Hungary,2013,77.3
HUN,Hungary,2014,77.9
HUN,Hungary,2015,78.0
HUN,Hungary,2016,78.7
HUN,Hungary,2017,79.0
HUN,Hungary,2018,78.9
HUN,Hungary,2019,79.1
HUN,Hungary,2020,79.6
HUN,Hungary,2021,80.2
ISL,Iceland,2006,75.1
ISL,Iceland,2007,75.1
ISL,Iceland,2008,74.6
ISL,Iceland,2009,75.9
ISL,Iceland,2010,76.3
ISL,Iceland,2011,76.1
ISL,Iceland,2012,76.6
ISL,Iceland,2013,76.6
ISL,Iceland,2014,76.7
ISL,Iceland,2015,76.7
ISL,Iceland,2016,76.7
ISL,Iceland,2017,77.4
ISL,Iceland,2018,77.5
ISL,Iceland,2019,77.4
ISL,Iceland,2020,78.1
ISL,Iceland,2021,78.3
IND,India,2006,52.9
IND,India,2007,53.2
IND,India,2008,53.5
IND,India,2009,53.5
IND,India,2010,53.8
IND,India,2011,55.0
IND,India,2012,55.5
IND,India,2013,56.3
IND,India,2014,57.1
IND,India,2015,57.9
IND,India,2016,58.6
IND,India,2017,60.1
IND,India,2018,60.9
IND,India,2019,62.2
IND,India,2020,62.6
IND,India,2021,62.8
IDN,Indonesia,2006,60.5
IDN,Indonesia,2007,60.7
IDN,Indonesia,2008,61.0
IDN,Indonesia,2009,61.6
IDN,Indonesia,2010,62.2
IDN,Indonesia,2011,61.7
IDN,Indonesia,2012,62.6
IDN,Indonesia,2013,63.1
IDN,Indonesia,2014,64.1
IDN,Indonesia,2015,64.7
IDN,Indonesia,2016,65.3
IDN,Indonesia,2017,67.1
IDN,Indonesia,2018,68.1
IDN,Indonesia,2019,69.0
IDN,Indonesia,2020,69.2
IDN,Indonesia,2021,70.0
IRN,"Iran, Islamic Rep.",2006,62.2
IRN,"Iran, Islamic Rep.",2007,62.3
IRN,"Iran, Islamic Rep.",2008,62.7
IRN,"Iran, Islamic Rep.",2009,63.7
IRN,"Iran, Islamic Rep.",2010,63.8
IRN,"Iran, Islamic Rep.",2011,64.5
IRN,"Iran, Islamic Rep.",2012,64.6
IRN,"Iran, Islamic Rep.",2013,66.0
IRN,"Iran, Islamic Rep.",2014,66.0
IRN,"Iran, Islamic Rep.",2015,66.5
IRN,"Iran, Islamic Rep.",2016,67.0
IRN,"Iran, Islamic Rep.",2017,68.0
IRN,"Iran, Islamic Rep.",2018,68.1
IRN,"Iran, Islamic Rep.",2019,69.0
IRN,"Iran, Islamic Rep.",2020,68.9
IRN,"Iran, Islamic Rep.",2021,69.1
IRQ,Iraq,2006,58.6
IRQ,Iraq,2007,59.3
IRQ,Iraq,2008,58.9
IRQ,Iraq,2009,59.6
IRQ,Iraq,2010,59.7
IRQ,Iraq,2011,59.7
IRQ,Iraq,2012,59.4
IRQ,Iraq,2013,60.0
IRQ,Iraq,2014,60.6
IRQ,Iraq,2015,60.2
IRQ,Iraq,2016,60.4
IRQ,Iraq,2017,61.0
IRQ,Iraq,2018,62.2
IRQ,Iraq,2019,62.4
IRQ,Iraq,2020,63.0
IRQ,Iraq,2021,63.2
IRL,Ireland,2006,76.2
IRL,Ireland,2007,76.7
IRL,Ireland,2008,77.2
IRL,Ireland,2009,77.2
IRL,Ireland,2010,77.6
IRL,Ireland,2011,78.4
IRL,Ireland,2012,78.9
IRL,Ireland,2013,79.2
IRL,Ireland,2014,79.7
IRL,Ireland,2015,79.3
IRL,Ireland,2016,78.5
IRL,Ireland,2017,79.1
IRL,Ireland,2018,78.8
IRL,Ireland,2019,79.3
IRL,Ireland,2020,79.3
IRL,Ireland,2021,79.4
ISR,Israel,2006,69.6
ISR,Israel,2007,69.7
ISR,Israel,2008,69.8
ISR,Israel,2009,70.0
ISR,Israel,2010,70.1
ISR,Israel,2011,70.2
ISR,Israel,2012,70.6
ISR,Israel,2013,71.1
ISR,Israel,2014,71.2
ISR,Israel,2015,72.1
ISR,Israel,2016,72.0
ISR,Israel,2017,73.2
ISR,Israel,2018,73.1
ISR,Israel,2019,73.7
ISR,Israel,2020,73.9
ISR,Israel,2021,74.2
ITA,Italy,2006,74.2
ITA,Italy,2007,74.5
ITA,Italy,2008,74.5
ITA,Italy,2009,75.6
ITA,Italy,2010,75.7
ITA,Italy,2011,75.7
ITA,Italy,2012,76.5
ITA,Italy,2013,77.3
ITA,Italy,2014,77.1
ITA,Italy,2015,76.9
ITA,Italy,2016,77.0
ITA,Italy,2017,77.2
ITA,Italy,2018,77.9
ITA,Italy,2019,77.9
ITA,Italy,2020,78.6
ITA,Italy,2021,78.7
JAM,Jamaica,2006,66.7
JAM,Jamaica,2007,66.8
JAM,Jamaica,2008,67.0
JAM,Jamaica,2009,67.5
JAM,Jamaica,2010,67.4
JAM,Jamaica,2011,67.8
JAM,Jamaica,2012,68.1
JAM,Jamaica,2013,67.8
JAM,Jamaica,2014,68.1
JAM,Jamaica,2015,68.5
JAM,Jamaica,2016,68.6
JAM,Jamaica,2017,68.9
JAM,Jamaica,2018,69.1
JAM,Jamaica,2019,69.3
JAM,Jamaica,2020,69.7
JAM,Jamaica,2021,69.3
JPN,Japan,2006,76.6
JPN,Japan,2007,76.7
JPN,Japan,2008,76.6
JPN,Japan,2009,76.9
JPN,Japan,2010,77.1
JPN,Japan,2011,77.4
JPN,Japan,2012,77.6
JPN,Japan,2013,77.7
JPN,Japan,2014,77.7
JPN,Japan,2015,78.1
JPN,Japan,2016,78.0
JPN,Japan,2017,78.1
JPN,Japan,2018,78.5
JPN,Japan,2019,78.8
JPN,Japan,2020,79.0
JPN,Japan,2021,79.5
JOR,Jordan,2006,67.6
JOR,Jordan,2007,67.3
JOR,Jordan,2008,67.4
JOR,Jordan,2009,68.5
JOR,Jordan,2010,68.0
JOR,Jordan,2011,67.9
JOR,Jordan,2012,67.8
JOR,Jordan,2013,66.3
JOR,Jordan,2014,66.1
JOR,Jordan,2015,66.1
JOR,Jordan,2016,66.7
JOR,Jordan,2017,66.9
JOR,Jordan,2018,69.1
JOR,Jordan,2019,69.7
JOR,Jordan,2020,69.9
JOR,Jordan,2021,70.1
KAZ,Kazakhstan,2006,67.1
KAZ,Kazakhstan,2007,66.9
KAZ,Kazakhstan,2008,67.6
KAZ,Kazakhstan,2009,68.5
KAZ,Kazakhstan,2010,68.8
KAZ,Kazakhstan,2011,69.3
KAZ,Kazakhstan,2012,69.7
KAZ,Kazakhstan,2013,70.1
KAZ,Kazakhstan,2014,70.6
KAZ,Kazakhstan,2015,71.1
KAZ,Kazakhstan,2016,71.5
KAZ,Kazakhstan,2017,72.1
KAZ,Kazakhstan,2018,71.3
KAZ,Kazakhstan,2019,72.2
KAZ,Kazakhstan,2020,71.7
KAZ,Kazakhstan,2021,71.8
KEN,Kenya,2006,52.8
KEN,Kenya,2007,53.0
KEN,Kenya,2008,53.2
KEN,Kenya,2009,53.1
KEN,Kenya,2010,54.0
KEN,Kenya,2011,54.4
KEN,Kenya,2012,54.5
KEN,Kenya,2013,54.7
KEN,Kenya,2014,56.3
KEN,Kenya,2015,58.5
KEN,Kenya,2016,58.9
KEN,Kenya,2017,59.9
KEN,Kenya,2018,60.2
KEN,Kenya,2019,60.5
KEN,Kenya,2020,60.2
KEN,Kenya,2021,60.7
KOR,"Korea, Rep.",2006,74.1
KOR,"Korea, Rep.",2007,74.3
KOR,"Korea, Rep.",2008,74.9
KOR,"Korea, Rep.",2009,75.0
KOR,"Korea, Rep.",2010,75.5
KOR,"Korea, Rep.",2011,75.4
KOR,"Korea, Rep.",2012,75.8
KOR,"Korea, Rep.",2013,76.0
KOR,"Korea, Rep.",2014,76.1
KOR,"Korea, Rep.",2015,76.9
KOR,"Korea, Rep.",2016,76.9
KOR,"Korea, Rep.",2017,76.8
KOR,"Korea, Rep.",2018,77.4
KOR,"Korea, Rep.",2019,77.6
KOR,"Korea, Rep.",2020,77.8
KOR,"Korea, Rep.",2021,78.2
KWT,Kuwait,2006,60.5
KWT,Kuwait,2007,60.8
KWT,Kuwait,2008,61.0
KWT,Kuwait,2009,61.0
KWT,Kuwait,2010,61.6
KWT,Kuwait,2011,61.5
KWT,Kuwait,2012,61.5
KWT,Kuwait,2013,61.6
KWT,Kuwait,2014,62.0
KWT,Kuwait,2015,61.5
KWT,Kuwait,2016,62.2
KWT,Kuwait,2017,62.5
KWT,Kuwait,2018,63.3
KWT,Kuwait,2019,63.2
KWT,Kuwait,2020,63.4
KWT,Kuwait,2021,62.0
KGZ,Kyrgyz Republic,2006,66.7
KGZ,Kyrgyz Republic,2007,68.3
KGZ,Kyrgyz Republic,2008,68.8
KGZ,Kyrgyz Republic,2009,69.8
KGZ,Kyrgyz Republic,2010,70.0
KGZ,Kyrgyz Republic,2011,71.1
KGZ,Kyrgyz Republic,2012,71.3
KGZ,Kyrgyz Republic,2013,71.3
KGZ,Kyrgyz Republic,2014,71.9
KGZ,Kyrgyz Republic,2015,72.0
KGZ,Kyrgyz Republic,2016,72.9
KGZ,Kyrgyz Republic,2017,74.3
KGZ,Kyrgyz Republic,2018,75.0
KGZ,Kyrgyz Republic,2019,74.9
KGZ,Kyrgyz Republic,2020,75.1
KGZ,Kyrgyz Republic,2021,75.0
LAO,Lao PDR,2006,55.2
LAO,Lao PDR,2007,54.7
LAO,Lao PDR,2008,55.5
LAO,Lao PDR,2009,55.8
LAO,Lao PDR,2010,56.5
LAO,Lao PDR,2011,57.0
LAO,Lao PDR,2012,57.8
LAO,Lao PDR,2013,58.7
LAO,Lao PDR,2014,59.5
LAO,Lao PDR,2015,60.5
LAO,Lao PDR,2016,61.1
LAO,Lao PDR,2017,61.7
LAO,Lao PDR,2018,61.6
LAO,Lao PDR,2019,62.6
LAO,Lao PDR,2020,62.6
LAO,Lao PDR,2021,62.8
_LAC,Latin America and the Caribbean,2006,66.1
_LAC,Latin America and the Caribbean,2007,66.4
_LAC,Latin America and the Caribbean,2008,66.7
_LAC,Latin America and the Caribbean,2009,67.0
_LAC,Latin America and the Caribbean,2010,67.3
_LAC,Latin America and the Caribbean,2011,67.4
_LAC,Latin America and the Caribbean,2012,67.7
_LAC,Latin America and the Caribbean,2013,68.1
_LAC,Latin America and the Caribbean,2014,68.6
_LAC,Latin America and the Caribbean,2015,69.1
_LAC,Latin America and the Caribbean,2016,68.7
_LAC,Latin America and the Caribbean,2017,69.1
_LAC,Latin America and the Caribbean,2018,69.1
_LAC,Latin America and the Caribbean,2019,69.4
_LAC,Latin America and the Caribbean,2020,69.4
_LAC,Latin America and the Caribbean,2021,70.0
LVA,Latvia,2006,75.9
LVA,Latvia,2007,75.0
LVA,Latvia,2008,75.5
LVA,Latvia,2009,76.3
LVA,Latvia,2010,76.4
LVA,Latvia,2011,77.1
LVA,Latvia,2012,77.8
LVA,Latvia,2013,77.9
LVA,Latvia,2014,77.9
LVA,Latvia,2015,78.5
LVA,Latvia,2016,78.7
LVA,Latvia,2017,79.3
LVA,Latvia,2018,79.7
LVA,Latvia,2019,80.2
LVA,Latvia,2020,80.5
LVA,Latvia,2021,80.3
LBN,Lebanon,2006,63.4
LBN,Lebanon,2007,63.8
LBN,Lebanon,2008,64.2
LBN,Lebanon,2009,64.3
LBN,Lebanon,2010,65.4
LBN,Lebanon,2011,65.6
LBN,Lebanon,2012,65.7
LBN,Lebanon,2013,65.8
LBN,Lebanon,2014,66.9
LBN,Lebanon,2015,66.9
LBN,Lebanon,2016,67.0
LBN,Lebanon,2017,67.7
LBN,Lebanon,2018,68.5
LBN,Lebanon,2019,67.9
LBN,Lebanon,2020,68.0
LBN,Lebanon,2021,67.6
LSO,Lesotho,2006,48.6
LSO,Lesotho,2007,49.1
LSO,Lesotho,2008,49.4
LSO,Lesotho,2009,50.0
LSO,Lesotho,2010,50.6
LSO,Lesotho,2011,50.1
LSO,Lesotho,2012,50.5
LSO,Lesotho,2013,50.7
LSO,Lesotho,2014,51.3
LSO,Lesotho,2015,52.2
LSO,Lesotho,2016,52.3
LSO,Lesotho,2017,54.5
LSO,Lesotho,2018,54.6
LSO,Lesotho,2019,54.5
LSO,Lesotho,2020,54.1
LSO,Lesotho,2021,54.5
LBR,Liberia,2006,45.3
LBR,Liberia,2007,45.9
LBR,Liberia,2008,46.1
LBR,Liberia,2009,46.2
LBR,Liberia,2010,46.2
LBR,Liberia,2011,46.7
LBR,Liberia,2012,47.2
LBR,Liberia,2013,48.4
LBR,Liberia,2014,50.2
LBR,Liberia,2015,50.2
LBR,Liberia,2016,50.0
LBR,Liberia,2017,49.8
LBR,Liberia,2018,49.6
LBR,Liberia,2019,49.6
LBR,Liberia,2020,49.6
LBR,Liberia,2021,49.9
LTU,Lithuania,2006,73.0
LTU,Lithuania,2007,72.5
LTU,Lithuania,2008,72.3
LTU,Lithuania,2009,72.7
LTU,Lithuania,2010,72.7
LTU,Lithuania,2011,73.7
LTU,Lithuania,2012,73.7
LTU,Lithuania,2013,74.0
LTU,Lithuania,2014,74.1
LTU,Lithuania,2015,74.9
LTU,Lithuania,2016,74.9
LTU,Lithuania,2017,75.6
LTU,Lithuania,2018,75.1
LTU,Lithuania,2019,75.8
LTU,Lithuania,2020,76.3
LTU,Lithuania,2021,76.3
_LIC,Low-income Countries,2006,45.7
_LIC,Low-income Countries,2007,46.1
_LIC,Low-income Countries,2008,46.5
_LIC,Low-income Countries,2009,46.8
_LIC,Low-income Countries,2010,47.2
_LIC,Low-income Countries,2011,47.5
_LIC,Low-income Countries,2012,48.1
_LIC,Low-income Countries,2013,48.3
_LIC,Low-income Countries,2014,48.7
_LIC,Low-income Countries,2015,48.9
_LIC,Low-income Countries,2016,49.3
_LIC,Low-income Countries,2017,49.8
_LIC,Low-income Countries,2018,50.0
_LIC,Low-income Countries,2019,50.4
_LIC,Low-income Countries,2020,50.6
_LIC,Low-income Countries,2021,50.8
_LIC_LMIC,Lower & Lower-middle Income,2006,53.5
_LIC_LMIC,Lower & Lower-middle Income,2007,53.8
_LIC_LMIC,Lower & Lower-middle Income,2008,54.1
_LIC_LMIC,Lower & Lower-middle Income,2009,54.2
_LIC_LMIC,Lower & Lower-middle Income,2010,54.6
_LIC_LMIC,Lower & Lower-middle Income,2011,55.1
_LIC_LMIC,Lower & Lower-middle Income,2012,55.7
_LIC_LMIC,Lower & Lower-middle Income,2013,56.2
_LIC_LMIC,Lower & Lower-middle Income,2014,57.0
_LIC_LMIC,Lower & Lower-middle Income,2015,57.4
_LIC_LMIC,Lower & Lower-middle Income,2016,57.8
_LIC_LMIC,Lower & Lower-middle Income,2017,59.0
_LIC_LMIC,Lower & Lower-middle Income,2018,59.6
_LIC_LMIC,Lower & Lower-middle Income,2019,60.3
_LIC_LMIC,Lower & Lower-middle Income,2020,60.5
_LIC_LMIC,Lower & Lower-middle Income,2021,60.8
_LMIC,Lower-middle-income Countries,2006,55.1
_LMIC,Lower-middle-income Countries,2007,55.3
_LMIC,Lower-middle-income Countries,2008,55.7
_LMIC,Lower-middle-income Countries,2009,55.8
_LMIC,Lower-middle-income Countries,2010,56.2
_LMIC,Lower-middle-income Countries,2011,56.7
_LMIC,Lower-middle-income Countries,2012,57.3
_LMIC,Lower-middle-income Countries,2013,58.0
_LMIC,Lower-middle-income Countries,2014,58.8
_LMIC,Lower-middle-income Countries,2015,59.3
_LMIC,Lower-middle-income Countries,2016,59.7
_LMIC,Lower-middle-income Countries,2017,61.0
_LMIC,Lower-middle-income Countries,2018,61.7
_LMIC,Lower-middle-income Countries,2019,62.5
_LMIC,Lower-middle-income Countries,2020,62.7
_LMIC,Lower-middle-income Countries,2021,63.1
LUX,Luxembourg,2006,74.0
LUX,Luxembourg,2007,73.9
LUX,Luxembourg,2008,74.0
LUX,Luxembourg,2009,74.4
LUX,Luxembourg,2010,74.6
LUX,Luxembourg,2011,74.6
LUX,Luxembourg,2012,74.5
LUX,Luxembourg,2013,75.1
LUX,Luxembourg,2014,75.7
LUX,Luxembourg,2015,76.1
LUX,Luxembourg,2016,76.5
LUX,Luxembourg,2017,76.7
LUX,Luxembourg,2018,76.6
LUX,Luxembourg,2019,77.3
LUX,Luxembourg,2020,78.1
LUX,Luxembourg,2021,78.3
MDG,Madagascar,2006,46.9
MDG,Madagascar,2007,47.2
MDG,Madagascar,2008,47.7
MDG,Madagascar,2009,47.9
MDG,Madagascar,2010,47.5
MDG,Madagascar,2011,47.9
MDG,Madagascar,2012,48.0
MDG,Madagascar,2013,47.7
MDG,Madagascar,2014,48.3
MDG,Madagascar,2015,48.1
MDG,Madagascar,2016,48.8
MDG,Madagascar,2017,49.3
MDG,Madagascar,2018,49.9
MDG,Madagascar,2019,49.9
MDG,Madagascar,2020,50.0
MDG,Madagascar,2021,50.5
MWI,Malawi,2006,50.6
MWI,Malawi,2007,51.0
MWI,Malawi,2008,51.4
MWI,Malawi,2009,52.3
MWI,Malawi,2010,51.3
MWI,Malawi,2011,51.1
MWI,Malawi,2012,51.3
MWI,Malawi,2013,51.8
MWI,Malawi,2014,52.3
MWI,Malawi,2015,52.4
MWI,Malawi,2016,52.8
MWI,Malawi,2017,53.2
MWI,Malawi,2018,53.0
MWI,Malawi,2019,55.4
MWI,Malawi,2020,55.4
MWI,Malawi,2021,55.9
MYS,Malaysia,2006,63.3
MYS,Malaysia,2007,63.8
MYS,Malaysia,2008,63.7
MYS,Malaysia,2009,64.3
MYS,Malaysia,2010,64.1
MYS,Malaysia,2011,65.1
MYS,Malaysia,2012,65.1
MYS,Malaysia,2013,66.1
MYS,Malaysia,2014,66.7
MYS,Malaysia,2015,67.8
MYS,Malaysia,2016,67.5
MYS,Malaysia,2017,68.5
MYS,Malaysia,2018,68.5
MYS,Malaysia,2019,69.2
MYS,Malaysia,2020,69.4
MYS,Malaysia,2021,70.0
MDV,Maldives,2006,63.3
MDV,Maldives,2007,63.7
MDV,Maldives,2008,64.3
MDV,Maldives,2009,65.0
MDV,Maldives,2010,65.1
MDV,Maldives,2011,65.4
MDV,Maldives,2012,65.6
MDV,Maldives,2013,66.3
MDV,Maldives,2014,66.6
MDV,Maldives,2015,67.5
MDV,Maldives,2016,69.1
MDV,Maldives,2017,69.3
MDV,Maldives,2018,69.7
MDV,Maldives,2019,70.4
MDV,Maldives,2020,71.3
MDV,Maldives,2021,71.6
MLI,Mali,2006,49.0
MLI,Mali,2007,49.5
MLI,Mali,2008,50.0
MLI,Mali,2009,52.5
MLI,Mali,2010,53.1
MLI,Mali,2011,53.5
MLI,Mali,2012,53.7
MLI,Mali,2013,53.7
MLI,Mali,2014,54.3
MLI,Mali,2015,55.0
MLI,Mali,2016,55.8
MLI,Mali,2017,56.9
MLI,Mali,2018,56.5
MLI,Mali,2019,56.5
MLI,Mali,2020,56.7
MLI,Mali,2021,57.0
MLT,Malta,2006,70.1
MLT,Malta,2007,69.8
MLT,Malta,2008,70.1
MLT,Malta,2009,70.1
MLT,Malta,2010,70.4
MLT,Malta,2011,72.0
MLT,Malta,2012,72.5
MLT,Malta,2013,73.3
MLT,Malta,2014,73.9
MLT,Malta,2015,74.0
MLT,Malta,2016,74.7
MLT,Malta,2017,74.9
MLT,Malta,2018,75.2
MLT,Malta,2019,75.1
MLT,Malta,2020,75.7
MLT,Malta,2021,76.1
MRT,Mauritania,2006,46.6
MRT,Mauritania,2007,47.1
MRT,Mauritania,2008,48.8
MRT,Mauritania,2009,49.0
MRT,Mauritania,2010,49.5
MRT,Mauritania,2011,51.2
MRT,Mauritania,2012,51.3
MRT,Mauritania,2013,52.3
MRT,Mauritania,2014,54.3
MRT,Mauritania,2015,54.4
MRT,Mauritania,2016,53.9
MRT,Mauritania,2017,54.7
MRT,Mauritania,2018,55.5
MRT,Mauritania,2019,56.2
MRT,Mauritania,2020,56.6
MRT,Mauritania,2021,57.2
MUS,Mauritius,2006,66.0
MUS,Mauritius,2007,66.0
MUS,Mauritius,2008,66.2
MUS,Mauritius,2009,66.6
MUS,Mauritius,2010,66.7
MUS,Mauritius,2011,66.2
MUS,Mauritius,2012,65.7
MUS,Mauritius,2013,66.3
MUS,Mauritius,2014,66.9
MUS,Mauritius,2015,66.3
MUS,Mauritius,2016,66.7
MUS,Mauritius,2017,67.8
MUS,Mauritius,2018,68.0
MUS,Mauritius,2019,68.6
MUS,Mauritius,2020,68.9
MUS,Mauritius,2021,68.8
MEX,Mexico,2006,64.1
MEX,Mexico,2007,64.3
MEX,Mexico,2008,65.0
MEX,Mexico,2009,65.3
MEX,Mexico,2010,65.6
MEX,Mexico,2011,65.4
MEX,Mexico,2012,66.5
MEX,Mexico,2013,66.7
MEX,Mexico,2014,67.1
MEX,Mexico,2015,66.8
MEX,Mexico,2016,67.4
MEX,Mexico,2017,68.0
MEX,Mexico,2018,69.1
MEX,Mexico,2019,69.1
MEX,Mexico,2020,69.1
MEX,Mexico,2021,69.4
_MENA,Middle East and North Africa,2006,62.2
_MENA,Middle East and North Africa,2007,62.5
_MENA,Middle East and North Africa,2008,62.8
_MENA,Middle East and North Africa,2009,63.3
_MENA,Middle East and North Africa,2010,63.5
_MENA,Middle East and North Africa,2011,63.7
_MENA,Middle East and North Africa,2012,64.1
_MENA,Middle East and North Africa,2013,64.6
_MENA,Middle East and North Africa,2014,65.1
_MENA,Middle East and North Africa,2015,64.5
_MENA,Middle East and North Africa,2016,64.6
_MENA,Middle East and North Africa,2017,65.7
_MENA,Middle East and North Africa,2018,66.0
_MENA,Middle East and North Africa,2019,66.5
_MENA,Middle East and North Africa,2020,66.9
_MENA,Middle East and North Africa,2021,67.1
MDA,Moldova,2006,71.8
MDA,Moldova,2007,71.9
MDA,Moldova,2008,72.5
MDA,Moldova,2009,73.0
MDA,Moldova,2010,73.1
MDA,Moldova,2011,73.9
MDA,Moldova,2012,74.9
MDA,Moldova,2013,75.1
MDA,Moldova,2014,76.0
MDA,Moldova,2015,76.1
MDA,Moldova,2016,76.3
MDA,Moldova,2017,76.9
MDA,Moldova,2018,77.1
MDA,Moldova,2019,77.5
MDA,Moldova,2020,77.7
MDA,Moldova,2021,79.1
MNG,Mongolia,2006,61.9
MNG,Mongolia,2007,61.3
MNG,Mongolia,2008,60.8
MNG,Mongolia,2009,60.7
MNG,Mongolia,2010,62.3
MNG,Mongolia,2011,61.5
MNG,Mongolia,2012,61.6
MNG,Mongolia,2013,61.7
MNG,Mongolia,2014,63.6
MNG,Mongolia,2015,63.9
MNG,Mongolia,2016,64.3
MNG,Mongolia,2017,64.0
MNG,Mongolia,2018,65.0
MNG,Mongolia,2019,65.5
MNG,Mongolia,2020,64.9
MNG,Mongolia,2021,64.9
MNE,Montenegro,2006,65.1
MNE,Montenegro,2007,65.3
MNE,Montenegro,2008,65.7
MNE,Montenegro,2009,66.6
MNE,Montenegro,2010,66.9
MNE,Montenegro,2011,66.5
MNE,Montenegro,2012,67.2
MNE,Montenegro,2013,68.6
MNE,Montenegro,2014,68.6
MNE,Montenegro,2015,68.2
MNE,Montenegro,2016,68.2
MNE,Montenegro,2017,69.6
MNE,Montenegro,2018,69.8
MNE,Montenegro,2019,70.8
MNE,Montenegro,2020,70.7
MNE,Montenegro,2021,71.2
MAR,Morocco,2006,62.3
MAR,Morocco,2007,62.2
MAR,Morocco,2008,63.0
MAR,Morocco,2009,63.6
MAR,Morocco,2010,64.2
MAR,Morocco,2011,65.4
MAR,Morocco,2012,66.0
MAR,Morocco,2013,67.1
MAR,Morocco,2014,67.7
MAR,Morocco,2015,67.7
MAR,Morocco,2016,67.3
MAR,Morocco,2017,68.3
MAR,Morocco,2018,69.4
MAR,Morocco,2019,70.0
MAR,Morocco,2020,70.5
MAR,Morocco,2021,70.9
MOZ,Mozambique,2006,46.4
MOZ,Mozambique,2007,47.2
MOZ,Mozambique,2008,47.5
MOZ,Mozambique,2009,48.5
MOZ,Mozambique,2010,49.0
MOZ,Mozambique,2011,48.5
MOZ,Mozambique,2012,49.4
MOZ,Mozambique,2013,50.1
MOZ,Mozambique,2014,49.8
MOZ,Mozambique,2015,51.5
MOZ,Mozambique,2016,51.3
MOZ,Mozambique,2017,51.0
MOZ,Mozambique,2018,51.6
MOZ,Mozambique,2019,52.7
MOZ,Mozambique,2020,52.8
MOZ,Mozambique,2021,52.8
MMR,Myanmar,2006,52.6
MMR,Myanmar,2007,52.8
MMR,Myanmar,2008,53.0
MMR,Myanmar,2009,53.5
MMR,Myanmar,2010,53.7
MMR,Myanmar,2011,53.9
MMR,Myanmar,2012,55.0
MMR,Myanmar,2013,55.5
MMR,Myanmar,2014,57.3
MMR,Myanmar,2015,58.6
MMR,Myanmar,2016,59.2
MMR,Myanmar,2017,62.1
MMR,Myanmar,2018,62.1
MMR,Myanmar,2019,62.6
MMR,Myanmar,2020,63.1
MMR,Myanmar,2021,60.4
NAM,Namibia,2006,56.3
NAM,Namibia,2007,56.4
NAM,Namibia,2008,56.0
NAM,Namibia,2009,56.6
NAM,Namibia,2010,57.2
NAM,Namibia,2011,58.6
NAM,Namibia,2012,60.1
NAM,Namibia,2013,61.1
NAM,Namibia,2014,61.3
NAM,Namibia,2015,62.5
NAM,Namibia,2016,63.3
NAM,Namibia,2017,63.6
NAM,Namibia,2018,64.0
NAM,Namibia,2019,63.5
NAM,Namibia,2020,63.6
NAM,Namibia,2021,64.3
NPL,Nepal,2006,53.1
NPL,Nepal,2007,53.2
NPL,Nepal,2008,54.7
NPL,Nepal,2009,54.6
NPL,Nepal,2010,58.0
NPL,Nepal,2011,59.1
NPL,Nepal,2012,60.0
NPL,Nepal,2013,60.9
NPL,Nepal,2014,62.4
NPL,Nepal,2015,62.4
NPL,Nepal,2016,63.4
NPL,Nepal,2017,64.3
NPL,Nepal,2018,65.3
NPL,Nepal,2019,66.2
NPL,Nepal,2020,66.3
NPL,Nepal,2021,66.5
NLD,Netherlands,2006,76.1
NLD,Netherlands,2007,76.1
NLD,Netherlands,2008,76.4
NLD,Netherlands,2009,76.9
NLD,Netherlands,2010,77.0
NLD,Netherlands,2011,77.4
NLD,Netherlands,2012,77.6
NLD,Netherlands,2013,78.0
NLD,Netherlands,2014,78.2
NLD,Netherlands,2015,78.5
NLD,Netherlands,2016,78.7
NLD,Netherlands,2017,78.7
NLD,Netherlands,2018,78.8
NLD,Netherlands,2019,78.7
NLD,Netherlands,2020,79.3
NLD,Netherlands,2021,79.4
NZL,New Zealand,2006,74.6
NZL,New Zealand,2007,74.6
NZL,New Zealand,2008,74.6
NZL,New Zealand,2009,75.0
NZL,New Zealand,2010,75.3
NZL,New Zealand,2011,75.5
NZL,New Zealand,2012,75.2
NZL,New Zealand,2013,75.3
NZL,New Zealand,2014,75.3
NZL,New Zealand,2015,76.0
NZL,New Zealand,2016,75.3
NZL,New Zealand,2017,75.8
NZL,New Zealand,2018,76.1
NZL,New Zealand,2019,76.2
NZL,New Zealand,2020,76.8
NZL,New Zealand,2021,77.5
NIC,Nicaragua,2006,58.9
NIC,Nicaragua,2007,58.9
NIC,Nicaragua,2008,59.4
NIC,Nicaragua,2009,60.1
NIC,Nicaragua,2010,60.8
NIC,Nicaragua,2011,61.6
NIC,Nicaragua,2012,62.6
NIC,Nicaragua,2013,63.1
NIC,Nicaragua,2014,63.1
NIC,Nicaragua,2015,63.3
NIC,Nicaragua,2016,63.8
NIC,Nicaragua,2017,64.9
NIC,Nicaragua,2018,63.7
NIC,Nicaragua,2019,64.4
NIC,Nicaragua,2020,64.4
NIC,Nicaragua,2021,64.8
NER,Niger,2006,40.2
NER,Niger,2007,42.4
NER,Niger,2008,41.7
NER,Niger,2009,42.4
NER,Niger,2010,42.4
NER,Niger,2011,44.7
NER,Niger,2012,44.7
NER,Niger,2013,45.1
NER,Niger,2014,44.5
NER,Niger,2015,44.8
NER,Niger,2016,44.8
NER,Niger,2017,46.9
NER,Niger,2018,46.2
NER,Niger,2019,46.9
NER,Niger,2020,46.8
NER,Niger,2021,47.1
NGA,Nigeria,2006,48.3
NGA,Nigeria,2007,48.4
NGA,Nigeria,2008,49.0
NGA,Nigeria,2009,48.7
NGA,Nigeria,2010,50.7
NGA,Nigeria,2011,50.7
NGA,Nigeria,2012,51.2
NGA,Nigeria,2013,51.9
NGA,Nigeria,2014,52.4
NGA,Nigeria,2015,52.5
NGA,Nigeria,2016,52.3
NGA,Nigeria,2017,52.8
NGA,Nigeria,2018,53.2
NGA,Nigeria,2019,53.2
NGA,Nigeria,2020,53.3
NGA,Nigeria,2021,54.1
MKD,North Macedonia,2006,67.0
MKD,North Macedonia,2007,67.0
MKD,North Macedonia,2008,67.0
MKD,North Macedonia,2009,67.4
MKD,North Macedonia,2010,68.4
MKD,North Macedonia,2011,68.7
MKD,North Macedonia,2012,69.2
MKD,North Macedonia,2013,70.6
MKD,North Macedonia,2014,71.0
MKD,North Macedonia,2015,70.9
MKD,North Macedonia,2016,71.1
MKD,North Macedonia,2017,71.6
MKD,North Macedonia,2018,73.0
MKD,North Macedonia,2019,73.0
MKD,North Macedonia,2020,72.5
MKD,North Macedonia,2021,73.1
NOR,Norway,2006,79.9
NOR,Norway,2007,79.9
NOR,Norway,2008,80.1
NOR,Norway,2009,80.5
NOR,Norway,2010,80.4
NOR,Norway,2011,80.3
NOR,Norway,2012,80.8
NOR,Norway,2013,80.8
NOR,Norway,2014,81.1
NOR,Norway,2015,81.4
NOR,Norway,2016,81.1
NOR,Norway,2017,81.7
NOR,Norway,2018,81.5
NOR,Norway,2019,81.9
NOR,Norway,2020,82.2
NOR,Norway,2021,82.1
_OECD,OECD members,2006,73.8
_OECD,OECD members,2007,73.9
_OECD,OECD members,2008,74.1
_OECD,OECD members,2009,74.5
_OECD,OECD members,2010,74.8
_OECD,OECD members,2011,75.0
_OECD,OECD members,2012,75.4
_OECD,OECD members,2013,75.6
_OECD,OECD members,2014,75.9
_OECD,OECD members,2015,76.2
_OECD,OECD members,2016,76.4
_OECD,OECD members,2017,76.7
_OECD,OECD members,2018,76.8
_OECD,OECD members,2019,77.1
_OECD,OECD members,2020,77.4
_OECD,OECD members,2021,77.8
_Oceania,Oceania,2006,51.7
_Oceania,Oceania,2007,51.8
_Oceania,Oceania,2008,51.7
_Oceania,Oceania,2009,51.6
_Oceania,Oceania,2010,51.1
_Oceania,Oceania,2011,51.3
_Oceania,Oceania,2012,51.5
_Oceania,Oceania,2013,51.9
_Oceania,Oceania,2014,52.0
_Oceania,Oceania,2015,51.8
_Oceania,Oceania,2016,51.8
_Oceania,Oceania,2017,52.4
_Oceania,Oceania,2018,52.5
_Oceania,Oceania,2019,52.7
_Oceania,Oceania,2020,52.5
_Oceania,Oceania,2021,52.5
OMN,Oman,2006,58.9
OMN,Oman,2007,58.8
OMN,Oman,2008,58.8
OMN,Oman,2009,60.9
OMN,Oman,2010,61.1
OMN,Oman,2011,61.5
OMN,Oman,2012,61.7
OMN,Oman,2013,62.5
OMN,Oman,2014,64.7
OMN,Oman,2015,65.1
OMN,Oman,2016,66.2
OMN,Oman,2017,66.9
OMN,Oman,2018,66.7
OMN,Oman,2019,67.3
OMN,Oman,2020,67.8
OMN,Oman,2021,67.3
PAK,Pakistan,2006,53.4
PAK,Pakistan,2007,53.4
PAK,Pakistan,2008,53.6
PAK,Pakistan,2009,53.5
PAK,Pakistan,2010,53.7
PAK,Pakistan,2011,53.8
PAK,Pakistan,2012,54.8
PAK,Pakistan,2013,55.4
PAK,Pakistan,2014,55.8
PAK,Pakistan,2015,55.9
PAK,Pakistan,2016,56.2
PAK,Pakistan,2017,57.2
PAK,Pakistan,2018,58.1
PAK,Pakistan,2019,58.4
PAK,Pakistan,2020,58.6
PAK,Pakistan,2021,59.1
PAN,Panama,2006,62.1
PAN,Panama,2007,61.7
PAN,Panama,2008,61.9
PAN,Panama,2009,62.0
PAN,Panama,2010,62.4
PAN,Panama,2011,62.9
PAN,Panama,2012,63.5
PAN,Panama,2013,62.8
PAN,Panama,2014,63.5
PAN,Panama,2015,64.9
PAN,Panama,2016,65.5
PAN,Panama,2017,65.9
PAN,Panama,2018,66.3
PAN,Panama,2019,66.9
PAN,Panama,2020,66.9
PAN,Panama,2021,67.3
PNG,Papua New Guinea,2006,53.0
PNG,Papua New Guinea,2007,53.1
PNG,Papua New Guinea,2008,53.1
PNG,Papua New Guinea,2009,53.0
PNG,Papua New Guinea,2010,52.5
PNG,Papua New Guinea,2011,52.7
PNG,Papua New Guinea,2012,52.9
PNG,Papua New Guinea,2013,53.3
PNG,Papua New Guinea,2014,53.3
PNG,Papua New Guinea,2015,53.0
PNG,Papua New Guinea,2016,53.1
PNG,Papua New Guinea,2017,53.6
PNG,Papua New Guinea,2018,53.6
PNG,Papua New Guinea,2019,53.6
PNG,Papua New Guinea,2020,53.6
PNG,Papua New Guinea,2021,53.7
PRY,Paraguay,2006,62.6
PRY,Paraguay,2007,62.6
PRY,Paraguay,2008,62.9
PRY,Paraguay,2009,62.8
PRY,Paraguay,2010,63.4
PRY,Paraguay,2011,63.5
PRY,Paraguay,2012,65.0
PRY,Paraguay,2013,65.6
PRY,Paraguay,2014,65.5
PRY,Paraguay,2015,66.2
PRY,Paraguay,2016,66.5
PRY,Paraguay,2017,67.0
PRY,Paraguay,2018,67.5
PRY,Paraguay,2019,68.0
PRY,Paraguay,2020,68.7
PRY,Paraguay,2021,68.9
PER,Peru,2006,64.2
PER,Peru,2007,64.7
PER,Peru,2008,65.0
PER,Peru,2009,65.5
PER,Peru,2010,66.0
PER,Peru,2011,66.1
PER,Peru,2012,66.7
PER,Peru,2013,67.6
PER,Peru,2014,68.9
PER,Peru,2015,69.3
PER,Peru,2016,69.9
PER,Peru,2017,70.4
PER,Peru,2018,71.2
PER,Peru,2019,71.8
PER,Peru,2020,70.4
PER,Peru,2021,71.9
PHL,Philippines,2006,60.5
PHL,Philippines,2007,60.6
PHL,Philippines,2008,61.0
PHL,Philippines,2009,61.2
PHL,Philippines,2010,61.4
PHL,Philippines,2011,61.8
PHL,Philippines,2012,62.2
PHL,Philippines,2013,62.4
PHL,Philippines,2014,63.0
PHL,Philippines,2015,63.9
PHL,Philippines,2016,64.1
PHL,Philippines,2017,64.8
PHL,Philippines,2018,66.7
PHL,Philippines,2019,67.2
PHL,Philippines,2020,66.4
PHL,Philippines,2021,67.1
POL,Poland,2006,74.9
POL,Poland,2007,75.7
POL,Poland,2008,76.1
POL,Poland,2009,76.5
POL,Poland,2010,76.6
POL,Poland,2011,76.7
POL,Poland,2012,77.4
POL,Poland,2013,77.3
POL,Poland,2014,78.2
POL,Poland,2015,79.0
POL,Poland,2016,79.5
POL,Poland,2017,80.6
POL,Poland,2018,80.2
POL,Poland,2019,80.9
POL,Poland,2020,80.6
POL,Poland,2021,81.0
PRT,Portugal,2006,73.2
PRT,Portugal,2007,73.8
PRT,Portugal,2008,74.9
PRT,Portugal,2009,75.5
PRT,Portugal,2010,75.9
PRT,Portugal,2011,76.2
PRT,Portugal,2012,76.1
PRT,Portugal,2013,76.8
PRT,Portugal,2014,76.8
PRT,Portugal,2015,77.1
PRT,Portugal,2016,77.3
PRT,Portugal,2017,78.5
PRT,Portugal,2018,78.5
PRT,Portugal,2019,79.1
PRT,Portugal,2020,79.7
PRT,Portugal,2021,80.1
QAT,Qatar,2006,55.5
QAT,Qatar,2007,57.6
QAT,Qatar,2008,58.7
QAT,Qatar,2009,59.2
QAT,Qatar,2010,60.1
QAT,Qatar,2011,60.1
QAT,Qatar,2012,60.3
QAT,Qatar,2013,60.2
QAT,Qatar,2014,61.0
QAT,Qatar,2015,61.7
QAT,Qatar,2016,61.8
QAT,Qatar,2017,62.7
QAT,Qatar,2018,63.3
QAT,Qatar,2019,63.7
QAT,Qatar,2020,64.1
QAT,Qatar,2021,64.1
ROU,Romania,2006,69.2
ROU,Romania,2007,71.1
ROU,Romania,2008,72.1
ROU,Romania,2009,72.8
ROU,Romania,2010,73.1
ROU,Romania,2011,73.7
ROU,Romania,2012,74.3
ROU,Romania,2013,74.4
ROU,Romania,2014,74.6
ROU,Romania,2015,75.0
ROU,Romania,2016,75.5
ROU,Romania,2017,75.9
ROU,Romania,2018,76.3
ROU,Romania,2019,76.7
ROU,Romania,2020,77.1
ROU,Romania,2021,77.3
RUS,Russian Federation,2006,67.4
RUS,Russian Federation,2007,67.6
RUS,Russian Federation,2008,68.3
RUS,Russian Federation,2009,68.2
RUS,Russian Federation,2010,68.3
RUS,Russian Federation,2011,69.0
RUS,Russian Federation,2012,68.7
RUS,Russian Federation,2013,69.2
RUS,Russian Federation,2014,70.5
RUS,Russian Federation,2015,71.0
RUS,Russian Federation,2016,71.4
RUS,Russian Federation,2017,72.6
RUS,Russian Federation,2018,72.9
RUS,Russian Federation,2019,73.2
RUS,Russian Federation,2020,74.0
RUS,Russian Federation,2021,74.1
RWA,Rwanda,2006,49.0
RWA,Rwanda,2007,49.6
RWA,Rwanda,2008,50.2
RWA,Rwanda,2009,50.4
RWA,Rwanda,2010,52.1
RWA,Rwanda,2011,52.5
RWA,Rwanda,2012,52.9
RWA,Rwanda,2013,54.1
RWA,Rwanda,2014,55.0
RWA,Rwanda,2015,55.5
RWA,Rwanda,2016,57.2
RWA,Rwanda,2017,57.6
RWA,Rwanda,2018,58.0
RWA,Rwanda,2019,58.8
RWA,Rwanda,2020,58.9
RWA,Rwanda,2021,59.7
STP,Sao Tome and Principe,2006,58.6
STP,Sao Tome and Principe,2007,59.7
STP,Sao Tome and Principe,2008,58.3
STP,Sao Tome and Principe,2009,59.0
STP,Sao Tome and Principe,2010,60.4
STP,Sao Tome and Principe,2011,60.9
STP,Sao Tome and Principe,2012,61.0
STP,Sao Tome and Principe,2013,62.3
STP,Sao Tome and Principe,2014,63.1
STP,Sao Tome and Principe,2015,63.6
STP,Sao Tome and Principe,2016,63.8
STP,Sao Tome and Principe,2017,61.7
STP,Sao Tome and Principe,2018,62.0
STP,Sao Tome and Principe,2019,61.3
STP,Sao Tome and Principe,2020,61.7
STP,Sao Tome and Principe,2021,62.7
SAU,Saudi Arabia,2006,58.1
SAU,Saudi Arabia,2007,58.4
SAU,Saudi Arabia,2008,58.3
SAU,Saudi Arabia,2009,58.0
SAU,Saudi Arabia,2010,58.7
SAU,Saudi Arabia,2011,58.9
SAU,Saudi Arabia,2012,59.0
SAU,Saudi Arabia,2013,59.9
SAU,Saudi Arabia,2014,60.6
SAU,Saudi Arabia,2015,60.9
SAU,Saudi Arabia,2016,61.9
SAU,Saudi Arabia,2017,63.4
SAU,Saudi Arabia,2018,63.7
SAU,Saudi Arabia,2019,64.9
SAU,Saudi Arabia,2020,65.2
SAU,Saudi Arabia,2021,67.5
SEN,Senegal,2006,51.6
SEN,Senegal,2007,52.3
SEN,Senegal,2008,52.4
SEN,Senegal,2009,52.8
SEN,Senegal,2010,53.6
SEN,Senegal,2011,53.7
SEN,Senegal,2012,55.0
SEN,Senegal,2013,54.7
SEN,Senegal,2014,56.2
SEN,Senegal,2015,56.3
SEN,Senegal,2016,57.5
SEN,Senegal,2017,58.6
SEN,Senegal,2018,59.6
SEN,Senegal,2019,60.4
SEN,Senegal,2020,60.7
SEN,Senegal,2021,61.7
SRB,Serbia,2006,69.7
SRB,Serbia,2007,70.1
SRB,Serbia,2008,71.2
SRB,Serbia,2009,71.2
SRB,Serbia,2010,71.3
SRB,Serbia,2011,71.4
SRB,Serbia,2012,72.0
SRB,Serbia,2013,72.9
SRB,Serbia,2014,73.8
SRB,Serbia,2015,73.6
SRB,Serbia,2016,74.8
SRB,Serbia,2017,75.7
SRB,Serbia,2018,76.7
SRB,Serbia,2019,77.5
SRB,Serbia,2020,77.5
SRB,Serbia,2021,78.4
SLE,Sierra Leone,2006,45.8
SLE,Sierra Leone,2007,45.7
SLE,Sierra Leone,2008,45.7
SLE,Sierra Leone,2009,45.9
SLE,Sierra Leone,2010,47.4
SLE,Sierra Leone,2011,50.4
SLE,Sierra Leone,2012,51.2
SLE,Sierra Leone,2013,51.9
SLE,Sierra Leone,2014,52.3
SLE,Sierra Leone,2015,52.8
SLE,Sierra Leone,2016,53.4
SLE,Sierra Leone,2017,53.7
SLE,Sierra Leone,2018,54.0
SLE,Sierra Leone,2019,54.5
SLE,Sierra Leone,2020,54.9
SLE,Sierra Leone,2021,55.6
SGP,Singapore,2006,67.7
SGP,Singapore,2007,68.0
SGP,Singapore,2008,67.9
SGP,Singapore,2009,68.0
SGP,Singapore,2010,68.5
SGP,Singapore,2011,69.1
SGP,Singapore,2012,68.8
SGP,Singapore,2013,69.0
SGP,Singapore,2014,69.4
SGP,Singapore,2015,69.5
SGP,Singapore,2016,69.9
SGP,Singapore,2017,69.9
SGP,Singapore,2018,69.6
SGP,Singapore,2019,70.1
SGP,Singapore,2020,70.5
SGP,Singapore,2021,71.2
SVK,Slovak Republic,2006,74.8
SVK,Slovak Republic,2007,75.0
SVK,Slovak Republic,2008,75.7
SVK,Slovak Republic,2009,75.6
SVK,Slovak Republic,2010,75.7
SVK,Slovak Republic,2011,76.5
SVK,Slovak Republic,2012,76.7
SVK,Slovak Republic,2013,76.8
SVK,Slovak Republic,2014,77.8
SVK,Slovak Republic,2015,78.0
SVK,Slovak Republic,2016,78.0
SVK,Slovak Republic,2017,78.6
SVK,Slovak Republic,2018,78.7
SVK,Slovak Republic,2019,79.1
SVK,Slovak Republic,2020,79.6
SVK,Slovak Republic,2021,79.9
SVN,Slovenia,2006,76.9
SVN,Slovenia,2007,76.8
SVN,Slovenia,2008,77.0
SVN,Slovenia,2009,77.4
SVN,Slovenia,2010,77.9
SVN,Slovenia,2011,78.6
SVN,Slovenia,2012,79.7
SVN,Slovenia,2013,79.5
SVN,Slovenia,2014,79.3
SVN,Slovenia,2015,79.1
SVN,Slovenia,2016,79.4
SVN,Slovenia,2017,79.7
SVN,Slovenia,2018,79.3
SVN,Slovenia,2019,80.5
SVN,Slovenia,2020,81.0
SVN,Slovenia,2021,80.8
_SIDS,Small Island Developing States,2006,59.5
_SIDS,Small Island Developing States,2007,60.1
_SIDS,Small Island Developing States,2008,60.2
_SIDS,Small Island Developing States,2009,60.5
_SIDS,Small Island Developing States,2010,60.6
_SIDS,Small Island Developing States,2011,60.9
_SIDS,Small Island Developing States,2012,61.2
_SIDS,Small Island Developing States,2013,61.5
_SIDS,Small Island Developing States,2014,62.2
_SIDS,Small Island Developing States,2015,62.3
_SIDS,Small Island Developing States,2016,62.5
_SIDS,Small Island Developing States,2017,63.3
_SIDS,Small Island Developing States,2018,63.4
_SIDS,Small Island Developing States,2019,63.6
_SIDS,Small Island Developing States,2020,63.7
_SIDS,Small Island Developing States,2021,63.9
SOM,Somalia,2006,43.6
SOM,Somalia,2007,43.7
SOM,Somalia,2008,43.8
SOM,Somalia,2009,43.8
SOM,Somalia,2010,44.3
SOM,Somalia,2011,44.4
SOM,Somalia,2012,45.0
SOM,Somalia,2013,45.2
SOM,Somalia,2014,45.3
SOM,Somalia,2015,46.3
SOM,Somalia,2016,46.2
SOM,Somalia,2017,46.9
SOM,Somalia,2018,47.2
SOM,Somalia,2019,47.4
SOM,Somalia,2020,47.6
SOM,Somalia,2021,48.0
ZAF,South Africa,2006,59.3
ZAF,South Africa,2007,59.4
ZAF,South Africa,2008,59.7
ZAF,South Africa,2009,60.4
ZAF,South Africa,2010,60.2
ZAF,South Africa,2011,60.9
ZAF,South Africa,2012,61.1
ZAF,South Africa,2013,61.5
ZAF,South Africa,2014,61.7
ZAF,South Africa,2015,62.1
ZAF,South Africa,2016,62.2
ZAF,South Africa,2017,63.0
ZAF,South Africa,2018,62.5
ZAF,South Africa,2019,63.2
ZAF,South Africa,2020,63.8
ZAF,South Africa,2021,63.9
SSD,South Sudan,2006,37.8
SSD,South Sudan,2007,37.8
SSD,South Sudan,2008,37.8
SSD,South Sudan,2009,37.9
SSD,South Sudan,2010,38.0
SSD,South Sudan,2011,37.8
SSD,South Sudan,2012,37.4
SSD,South Sudan,2013,37.2
SSD,South Sudan,2014,37.4
SSD,South Sudan,2015,36.6
SSD,South Sudan,2016,36.6
SSD,South Sudan,2017,36.4
SSD,South Sudan,2018,36.6
SSD,South Sudan,2019,36.8
SSD,South Sudan,2020,36.7
SSD,South Sudan,2021,37.0
ESP,Spain,2006,75.6
ESP,Spain,2007,76.0
ESP,Spain,2008,76.4
ESP,Spain,2009,76.1
ESP,Spain,2010,76.4
ESP,Spain,2011,76.7
ESP,Spain,2012,77.0
ESP,Spain,2013,77.8
ESP,Spain,2014,78.1
ESP,Spain,2015,77.9
ESP,Spain,2016,78.2
ESP,Spain,2017,78.1
ESP,Spain,2018,78.9
ESP,Spain,2019,79.5
ESP,Spain,2020,80.0
ESP,Spain,2021,80.5
LKA,Sri Lanka,2006,65.2
LKA,Sri Lanka,2007,65.0
LKA,Sri Lanka,2008,65.2
LKA,Sri Lanka,2009,66.1
LKA,Sri Lanka,2010,66.5
LKA,Sri Lanka,2011,66.8
LKA,Sri Lanka,2012,66.2
LKA,Sri Lanka,2013,66.8
LKA,Sri Lanka,2014,67.3
LKA,Sri Lanka,2015,68.0
LKA,Sri Lanka,2016,68.9
LKA,Sri Lanka,2017,68.5
LKA,Sri Lanka,2018,69.7
LKA,Sri Lanka,2019,69.6
LKA,Sri Lanka,2020,70.1
LKA,Sri Lanka,2021,70.2
_Africa,Sub-Saharan Africa,2006,47.1
_Africa,Sub-Saharan Africa,2007,47.5
_Africa,Sub-Saharan Africa,2008,48.0
_Africa,Sub-Saharan Africa,2009,48.1
_Africa,Sub-Saharan Africa,2010,48.8
_Africa,Sub-Saharan Africa,2011,49.2
_Africa,Sub-Saharan Africa,2012,49.6
_Africa,Sub-Saharan Africa,2013,50.0
_Africa,Sub-Saharan Africa,2014,50.6
_Africa,Sub-Saharan Africa,2015,51.1
_Africa,Sub-Saharan Africa,2016,51.4
_Africa,Sub-Saharan Africa,2017,52.1
_Africa,Sub-Saharan Africa,2018,52.2
_Africa,Sub-Saharan Africa,2019,52.6
_Africa,Sub-Saharan Africa,2020,52.8
_Africa,Sub-Saharan Africa,2021,53.1
SDN,Sudan,2006,45.4
SDN,Sudan,2007,45.7
SDN,Sudan,2008,45.1
SDN,Sudan,2009,45.7
SDN,Sudan,2010,46.1
SDN,Sudan,2011,45.2
SDN,Sudan,2012,44.8
SDN,Sudan,2013,45.7
SDN,Sudan,2014,46.4
SDN,Sudan,2015,46.9
SDN,Sudan,2016,48.2
SDN,Sudan,2017,48.4
SDN,Sudan,2018,48.8
SDN,Sudan,2019,48.7
SDN,Sudan,2020,48.6
SDN,Sudan,2021,48.6
SUR,Suriname,2006,64.2
SUR,Suriname,2007,64.7
SUR,Suriname,2008,65.7
SUR,Suriname,2009,66.2
SUR,Suriname,2010,65.4
SUR,Suriname,2011,65.6
SUR,Suriname,2012,66.2
SUR,Suriname,2013,66.9
SUR,Suriname,2014,67.9
SUR,Suriname,2015,68.9
SUR,Suriname,2016,68.9
SUR,Suriname,2017,69.0
SUR,Suriname,2018,69.3
SUR,Suriname,2019,69.7
SUR,Suriname,2020,69.1
SUR,Suriname,2021,69.7
SWE,Sweden,2006,84.4
SWE,Sweden,2007,84.5
SWE,Sweden,2008,84.9
SWE,Sweden,2009,85.4
SWE,Sweden,2010,84.8
SWE,Sweden,2011,84.8
SWE,Sweden,2012,85.5
SWE,Sweden,2013,85.3
SWE,Sweden,2014,85.3
SWE,Sweden,2015,85.5
SWE,Sweden,2016,85.5
SWE,Sweden,2017,85.5
SWE,Sweden,2018,85.3
SWE,Sweden,2019,86.0
SWE,Sweden,2020,86.3
SWE,Sweden,2021,86.1
CHE,Switzerland,2006,77.8
CHE,Switzerland,2007,77.9
CHE,Switzerland,2008,78.0
CHE,Switzerland,2009,78.3
CHE,Switzerland,2010,78.3
CHE,Switzerland,2011,78.7
CHE,Switzerland,2012,79.0
CHE,Switzerland,2013,79.1
CHE,Switzerland,2014,79.8
CHE,Switzerland,2015,80.1
CHE,Switzerland,2016,79.8
CHE,Switzerland,2017,80.3
CHE,Switzerland,2018,80.3
CHE,Switzerland,2019,80.7
CHE,Switzerland,2020,80.9
CHE,Switzerland,2021,81.5
SYR,Syrian Arab Republic,2006,59.4
SYR,Syrian Arab Republic,2007,59.0
SYR,Syrian Arab Republic,2008,58.8
SYR,Syrian Arab Republic,2009,59.6
SYR,Syrian Arab Republic,2010,59.3
SYR,Syrian Arab Republic,2011,59.1
SYR,Syrian Arab Republic,2012,58.3
SYR,Syrian Arab Republic,2013,55.5
SYR,Syrian Arab Republic,2014,55.4
SYR,Syrian Arab Republic,2015,54.9
SYR,Syrian Arab Republic,2016,54.7
SYR,Syrian Arab Republic,2017,54.9
SYR,Syrian Arab Republic,2018,54.9
SYR,Syrian Arab Republic,2019,55.5
SYR,Syrian Arab Republic,2020,56.3
SYR,Syrian Arab Republic,2021,56.4
TJK,Tajikistan,2006,62.0
TJK,Tajikistan,2007,63.0
TJK,Tajikistan,2008,63.5
TJK,Tajikistan,2009,64.6
TJK,Tajikistan,2010,65.0
TJK,Tajikistan,2011,65.3
TJK,Tajikistan,2012,65.4
TJK,Tajikistan,2013,65.7
TJK,Tajikistan,2014,66.4
TJK,Tajikistan,2015,66.3
TJK,Tajikistan,2016,67.0
TJK,Tajikistan,2017,68.5
TJK,Tajikistan,2018,68.7
TJK,Tajikistan,2019,68.9
TJK,Tajikistan,2020,69.3
TJK,Tajikistan,2021,69.3
TZA,Tanzania,2006,51.9
TZA,Tanzania,2007,51.5
TZA,Tanzania,2008,51.9
TZA,Tanzania,2009,52.0
TZA,Tanzania,2010,51.9
TZA,Tanzania,2011,53.1
TZA,Tanzania,2012,54.0
TZA,Tanzania,2013,54.0
TZA,Tanzania,2014,54.6
TZA,Tanzania,2015,55.3
TZA,Tanzania,2016,56.0
TZA,Tanzania,2017,56.8
TZA,Tanzania,2018,56.5
TZA,Tanzania,2019,56.9
TZA,Tanzania,2020,56.9
TZA,Tanzania,2021,57.1
THA,Thailand,2006,68.3
THA,Thailand,2007,69.0
THA,Thailand,2008,68.9
THA,Thailand,2009,69.3
THA,Thailand,2010,69.7
THA,Thailand,2011,70.8
THA,Thailand,2012,69.9
THA,Thailand,2013,70.7
THA,Thailand,2014,71.6
THA,Thailand,2015,72.4
THA,Thailand,2016,72.3
THA,Thailand,2017,72.7
THA,Thailand,2018,73.2
THA,Thailand,2019,73.8
THA,Thailand,2020,73.8
THA,Thailand,2021,74.3
TGO,Togo,2006,50.9
TGO,Togo,2007,50.6
TGO,Togo,2008,50.1
TGO,Togo,2009,50.5
TGO,Togo,2010,50.6
TGO,Togo,2011,50.0
TGO,Togo,2012,50.4
TGO,Togo,2013,50.8
TGO,Togo,2014,51.4
TGO,Togo,2015,53.0
TGO,Togo,2016,53.3
TGO,Togo,2017,55.0
TGO,Togo,2018,54.7
TGO,Togo,2019,55.2
TGO,Togo,2020,55.8
TGO,Togo,2021,56.1
TTO,Trinidad and Tobago,2006,61.1
TTO,Trinidad and Tobago,2007,61.8
TTO,Trinidad and Tobago,2008,61.8
TTO,Trinidad and Tobago,2009,62.3
TTO,Trinidad and Tobago,2010,62.4
TTO,Trinidad and Tobago,2011,63.6
TTO,Trinidad and Tobago,2012,63.6
TTO,Trinidad and Tobago,2013,63.5
TTO,Trinidad and Tobago,2014,63.7
TTO,Trinidad and Tobago,2015,63.6
TTO,Trinidad and Tobago,2016,64.0
TTO,Trinidad and Tobago,2017,63.8
TTO,Trinidad and Tobago,2018,64.1
TTO,Trinidad and Tobago,2019,64.1
TTO,Trinidad and Tobago,2020,64.4
TTO,Trinidad and Tobago,2021,64.8
TUN,Tunisia,2006,67.4
TUN,Tunisia,2007,67.9
TUN,Tunisia,2008,68.3
TUN,Tunisia,2009,69.0
TUN,Tunisia,2010,69.2
TUN,Tunisia,2011,69.1
TUN,Tunisia,2012,69.6
TUN,Tunisia,2013,69.8
TUN,Tunisia,2014,70.4
TUN,Tunisia,2015,71.0
TUN,Tunisia,2016,71.5
TUN,Tunisia,2017,71.7
TUN,Tunisia,2018,71.9
TUN,Tunisia,2019,71.9
TUN,Tunisia,2020,72.0
TUN,Tunisia,2021,72.9
TKM,Turkmenistan,2006,66.1
TKM,Turkmenistan,2007,65.8
TKM,Turkmenistan,2008,65.5
TKM,Turkmenistan,2009,66.2
TKM,Turkmenistan,2010,66.2
TKM,Turkmenistan,2011,65.9
TKM,Turkmenistan,2012,65.5
TKM,Turkmenistan,2013,65.6
TKM,Turkmenistan,2014,66.2
TKM,Turkmenistan,2015,66.8
TKM,Turkmenistan,2016,67.3
TKM,Turkmenistan,2017,67.1
TKM,Turkmenistan,2018,67.1
TKM,Turkmenistan,2019,67.6
TKM,Turkmenistan,2020,67.8
TKM,Turkmenistan,2021,67.6
TUR,Trkiye,2006,67.0
TUR,Trkiye,2007,67.9
TUR,Trkiye,2008,68.0
TUR,Trkiye,2009,68.4
TUR,Trkiye,2010,69.3
TUR,Trkiye,2011,69.2
TUR,Trkiye,2012,69.6
TUR,Trkiye,2013,69.9
TUR,Trkiye,2014,69.5
TUR,Trkiye,2015,69.5
TUR,Trkiye,2016,69.6
TUR,Trkiye,2017,69.3
TUR,Trkiye,2018,70.1
TUR,Trkiye,2019,70.3
TUR,Trkiye,2020,70.6
TUR,Trkiye,2021,70.7
UGA,Uganda,2006,49.0
UGA,Uganda,2007,49.6
UGA,Uganda,2008,50.0
UGA,Uganda,2009,49.3
UGA,Uganda,2010,49.2
UGA,Uganda,2011,50.0
UGA,Uganda,2012,50.6
UGA,Uganda,2013,51.1
UGA,Uganda,2014,51.5
UGA,Uganda,2015,51.5
UGA,Uganda,2016,51.8
UGA,Uganda,2017,52.9
UGA,Uganda,2018,53.3
UGA,Uganda,2019,53.6
UGA,Uganda,2020,53.5
UGA,Uganda,2021,54.6
UKR,Ukraine,2006,69.7
UKR,Ukraine,2007,69.7
UKR,Ukraine,2008,70.4
UKR,Ukraine,2009,69.9
UKR,Ukraine,2010,70.6
UKR,Ukraine,2011,71.0
UKR,Ukraine,2012,71.6
UKR,Ukraine,2013,71.7
UKR,Ukraine,2014,72.1
UKR,Ukraine,2015,72.4
UKR,Ukraine,2016,72.3
UKR,Ukraine,2017,73.4
UKR,Ukraine,2018,73.4
UKR,Ukraine,2019,74.3
UKR,Ukraine,2020,75.0
UKR,Ukraine,2021,75.7
ARE,United Arab Emirates,2006,61.0
ARE,United Arab Emirates,2007,61.5
ARE,United Arab Emirates,2008,61.5
ARE,United Arab Emirates,2009,61.0
ARE,United Arab Emirates,2010,62.2
ARE,United Arab Emirates,2011,62.1
ARE,United Arab Emirates,2012,62.3
ARE,United Arab Emirates,2013,62.9
ARE,United Arab Emirates,2014,63.8
ARE,United Arab Emirates,2015,64.4
ARE,United Arab Emirates,2016,64.8
ARE,United Arab Emirates,2017,66.0
ARE,United Arab Emirates,2018,67.4
ARE,United Arab Emirates,2019,69.5
ARE,United Arab Emirates,2020,69.6
ARE,United Arab Emirates,2021,69.9
GBR,United Kingdom,2006,77.5
GBR,United Kingdom,2007,77.4
GBR,United Kingdom,2008,77.9
GBR,United Kingdom,2009,78.3
GBR,United Kingdom,2010,79.0
GBR,United Kingdom,2011,79.5
GBR,United Kingdom,2012,79.6
GBR,United Kingdom,2013,79.8
GBR,United Kingdom,2014,80.0
GBR,United Kingdom,2015,80.4
GBR,United Kingdom,2016,80.5
GBR,United Kingdom,2017,80.9
GBR,United Kingdom,2018,80.9
GBR,United Kingdom,2019,81.0
GBR,United Kingdom,2020,81.3
GBR,United Kingdom,2021,81.7
USA,United States,2006,72.2
USA,United States,2007,72.6
USA,United States,2008,72.4
USA,United States,2009,73.0
USA,United States,2010,73.4
USA,United States,2011,73.7
USA,United States,2012,73.8
USA,United States,2013,73.8
USA,United States,2014,74.1
USA,United States,2015,74.0
USA,United States,2016,74.4
USA,United States,2017,74.7
USA,United States,2018,74.4
USA,United States,2019,74.9
USA,United States,2020,75.6
USA,United States,2021,76.0
_UMIC,Upper-middle-income Countries,2006,64.6
_UMIC,Upper-middle-income Countries,2007,65.1
_UMIC,Upper-middle-income Countries,2008,65.3
_UMIC,Upper-middle-income Countries,2009,65.5
_UMIC,Upper-middle-income Countries,2010,65.9
_UMIC,Upper-middle-income Countries,2011,66.5
_UMIC,Upper-middle-income Countries,2012,67.0
_UMIC,Upper-middle-income Countries,2013,67.9
_UMIC,Upper-middle-income Countries,2014,68.6
_UMIC,Upper-middle-income Countries,2015,69.3
_UMIC,Upper-middle-income Countries,2016,69.4
_UMIC,Upper-middle-income Countries,2017,70.1
_UMIC,Upper-middle-income Countries,2018,70.6
_UMIC,Upper-middle-income Countries,2019,71.2
_UMIC,Upper-middle-income Countries,2020,71.3
_UMIC,Upper-middle-income Countries,2021,71.6
URY,Uruguay,2006,69.6
URY,Uruguay,2007,70.0
URY,Uruguay,2008,70.4
URY,Uruguay,2009,70.8
URY,Uruguay,2010,72.3
URY,Uruguay,2011,72.9
URY,Uruguay,2012,73.8
URY,Uruguay,2013,74.0
URY,Uruguay,2014,75.1
URY,Uruguay,2015,75.8
URY,Uruguay,2016,76.3
URY,Uruguay,2017,76.6
URY,Uruguay,2018,76.2
URY,Uruguay,2019,77.3
URY,Uruguay,2020,77.2
URY,Uruguay,2021,77.9
UZB,Uzbekistan,2006,63.1
UZB,Uzbekistan,2007,63.3
UZB,Uzbekistan,2008,63.2
UZB,Uzbekistan,2009,63.7
UZB,Uzbekistan,2010,64.3
UZB,Uzbekistan,2011,64.7
UZB,Uzbekistan,2012,65.1
UZB,Uzbekistan,2013,65.1
UZB,Uzbekistan,2014,65.6
UZB,Uzbekistan,2015,66.3
UZB,Uzbekistan,2016,67.4
UZB,Uzbekistan,2017,67.7
UZB,Uzbekistan,2018,68.3
UZB,Uzbekistan,2019,69.4
UZB,Uzbekistan,2020,70.5
UZB,Uzbekistan,2021,71.3
VEN,"Venezuela, RB",2006,64.6
VEN,"Venezuela, RB",2007,64.9
VEN,"Venezuela, RB",2008,64.3
VEN,"Venezuela, RB",2009,65.5
VEN,"Venezuela, RB",2010,65.4
VEN,"Venezuela, RB",2011,65.7
VEN,"Venezuela, RB",2012,65.7
VEN,"Venezuela, RB",2013,65.4
VEN,"Venezuela, RB",2014,65.1
VEN,"Venezuela, RB",2015,63.2
VEN,"Venezuela, RB",2016,63.9
VEN,"Venezuela, RB",2017,63.4
VEN,"Venezuela, RB",2018,62.6
VEN,"Venezuela, RB",2019,61.6
VEN,"Venezuela, RB",2020,61.1
VEN,"Venezuela, RB",2021,61.5
VNM,Vietnam,2006,66.0
VNM,Vietnam,2007,65.8
VNM,Vietnam,2008,66.7
VNM,Vietnam,2009,66.8
VNM,Vietnam,2010,66.5
VNM,Vietnam,2011,66.8
VNM,Vietnam,2012,68.3
VNM,Vietnam,2013,68.3
VNM,Vietnam,2014,69.6
VNM,Vietnam,2015,70.6
VNM,Vietnam,2016,70.5
VNM,Vietnam,2017,70.9
VNM,Vietnam,2018,71.3
VNM,Vietnam,2019,71.4
VNM,Vietnam,2020,71.8
VNM,Vietnam,2021,72.3
_World,World,2006,60.1
_World,World,2007,60.4
_World,World,2008,60.6
_World,World,2009,60.8
_World,World,2010,61.2
_World,World,2011,61.6
_World,World,2012,62.2
_World,World,2013,62.8
_World,World,2014,63.4
_World,World,2015,63.8
_World,World,2016,64.1
_World,World,2017,64.9
_World,World,2018,65.5
_World,World,2019,66.0
_World,World,2020,66.2
_World,World,2021,66.6
YEM,"Yemen, Rep.",2006,48.9
YEM,"Yemen, Rep.",2007,49.0
YEM,"Yemen, Rep.",2008,49.6
YEM,"Yemen, Rep.",2009,49.4
YEM,"Yemen, Rep.",2010,49.6
YEM,"Yemen, Rep.",2011,49.2
YEM,"Yemen, Rep.",2012,49.4
YEM,"Yemen, Rep.",2013,49.1
YEM,"Yemen, Rep.",2014,48.1
YEM,"Yemen, Rep.",2015,47.3
YEM,"Yemen, Rep.",2016,47.3
YEM,"Yemen, Rep.",2017,47.3
YEM,"Yemen, Rep.",2018,46.4
YEM,"Yemen, Rep.",2019,47.0
YEM,"Yemen, Rep.",2020,46.8
YEM,"Yemen, Rep.",2021,46.6
ZMB,Zambia,2006,47.3
ZMB,Zambia,2007,47.4
ZMB,Zambia,2008,48.4
ZMB,Zambia,2009,48.3
ZMB,Zambia,2010,49.2
ZMB,Zambia,2011,50.0
ZMB,Zambia,2012,50.1
ZMB,Zambia,2013,50.4
ZMB,Zambia,2014,51.6
ZMB,Zambia,2015,51.6
ZMB,Zambia,2016,52.2
ZMB,Zambia,2017,52.5
ZMB,Zambia,2018,53.4
ZMB,Zambia,2019,53.4
ZMB,Zambia,2020,53.6
ZMB,Zambia,2021,53.2
ZWE,Zimbabwe,2006,52.5
ZWE,Zimbabwe,2007,52.2
ZWE,Zimbabwe,2008,51.9
ZWE,Zimbabwe,2009,52.9
ZWE,Zimbabwe,2010,53.8
ZWE,Zimbabwe,2011,53.8
ZWE,Zimbabwe,2012,55.8
ZWE,Zimbabwe,2013,56.2
ZWE,Zimbabwe,2014,56.3
ZWE,Zimbabwe,2015,56.3
ZWE,Zimbabwe,2016,56.1
ZWE,Zimbabwe,2017,56.4
ZWE,Zimbabwe,2018,55.9
ZWE,Zimbabwe,2019,53.7
ZWE,Zimbabwe,2020,54.3
ZWE,Zimbabwe,2021,54.8
